reaction_id	min_flux	max_flux
B_caecimuris_I48_xml_TP_cpd00009_B_caecimuris_I48_xml_e0	-6.0	0.0
B_caecimuris_I48_xml_TP_cpd00030_B_caecimuris_I48_xml_e0	-0.006614762865726473	0.0
B_caecimuris_I48_xml_TP_cpd00034_B_caecimuris_I48_xml_e0	-0.006614762865726473	0.0
B_caecimuris_I48_xml_TP_cpd00048_B_caecimuris_I48_xml_e0	-0.006614762865726473	0.0
B_caecimuris_I48_xml_TP_cpd00118_B_caecimuris_I48_xml_e0	0.0	0.0
B_caecimuris_I48_xml_TP_cpd00149_B_caecimuris_I48_xml_e0	-0.006614762865726473	0.0
B_caecimuris_I48_xml_TP_cpd00179_B_caecimuris_I48_xml_e0	-0.1	0.0
B_caecimuris_I48_xml_TP_cpd00224_B_caecimuris_I48_xml_e0	0.0	0.1
B_caecimuris_I48_xml_TP_cpd00244_B_caecimuris_I48_xml_e0	0.0	0.0
B_caecimuris_I48_xml_TP_cpd00264_B_caecimuris_I48_xml_e0	0.0	0.0
B_caecimuris_I48_xml_TP_cpd00268_B_caecimuris_I48_xml_e0	0.0	0.0
B_caecimuris_I48_xml_TP_cpd10516_B_caecimuris_I48_xml_e0	-0.1	0.0
B_caecimuris_I48_xml_TP_cpd00067_B_caecimuris_I48_xml_e0	-44.84345351043643	752.1749999999993
B_caecimuris_I48_xml_TP_cpd00092_B_caecimuris_I48_xml_e0	0.0	16.05
B_caecimuris_I48_xml_TP_cpd00367_B_caecimuris_I48_xml_e0	0.0	0.3131537896299907
B_caecimuris_I48_xml_TP_cpd00184_B_caecimuris_I48_xml_e0	0.0	16.04999999999989
B_caecimuris_I48_xml_TP_cpd00311_B_caecimuris_I48_xml_e0	0.0	9.62000000000009
B_caecimuris_I48_xml_TP_cpd00130_B_caecimuris_I48_xml_e0	0.0	300.46538461538455
B_caecimuris_I48_xml_TP_cpd00971_B_caecimuris_I48_xml_e0	0.0	0.0
B_caecimuris_I48_xml_TP_cpd00137_B_caecimuris_I48_xml_e0	0.0	217.00277777777774
B_caecimuris_I48_xml_TP_cpd00041_B_caecimuris_I48_xml_e0	-4.0	28.099999999999994
B_caecimuris_I48_xml_TP_cpd00027_B_caecimuris_I48_xml_e0	-2.0	0.0
B_caecimuris_I48_xml_TP_cpd00084_B_caecimuris_I48_xml_e0	-0.1	0.0
B_caecimuris_I48_xml_TP_cpd00023_B_caecimuris_I48_xml_e0	-9.0	23.099999999999795
B_caecimuris_I48_xml_TP_cpd00119_B_caecimuris_I48_xml_e0	-0.08155279795291662	10.699999999999875
B_caecimuris_I48_xml_TP_cpd00051_B_caecimuris_I48_xml_e0	-2.0	6.5250000000000234
B_caecimuris_I48_xml_TP_cpd00039_B_caecimuris_I48_xml_e0	-0.2954023570294525	16.050000000000033
B_caecimuris_I48_xml_TP_cpd00246_B_caecimuris_I48_xml_e0	0.0	12.025000000000169
B_caecimuris_I48_xml_TP_cpd00182_B_caecimuris_I48_xml_e0	0.0	9.62000000000003
B_caecimuris_I48_xml_TP_cpd00013_B_caecimuris_I48_xml_e0	0.0	32.099999999999994
B_caecimuris_I48_xml_TP_cpd00232_B_caecimuris_I48_xml_e0	0.0	32.099999999999994
B_caecimuris_I48_xml_TP_cpd00029_B_caecimuris_I48_xml_e0	-1.0	700.9499999999996
B_caecimuris_I48_xml_TP_cpd04098_B_caecimuris_I48_xml_e0	0.0	0.0
B_caecimuris_I48_xml_TP_cpd00132_B_caecimuris_I48_xml_e0	0.0	16.05000000000004
B_caecimuris_I48_xml_TP_cpd00063_B_caecimuris_I48_xml_e0	-0.0066147628657264885	0.0
B_caecimuris_I48_xml_TP_cpd01012_B_caecimuris_I48_xml_e0	0.0	0.0
B_caecimuris_I48_xml_TP_cpd00058_B_caecimuris_I48_xml_e0	-0.0066147628657264885	0.0
B_caecimuris_I48_xml_TP_cpd10515_B_caecimuris_I48_xml_e0	-0.1	0.1
B_caecimuris_I48_xml_TP_cpd00047_B_caecimuris_I48_xml_e0	0.0	644.6588014981271
B_caecimuris_I48_xml_TP_cpd00106_B_caecimuris_I48_xml_e0	0.0	355.1313725490196
B_caecimuris_I48_xml_TP_cpd00108_B_caecimuris_I48_xml_e0	-0.1	156.23045563549155
B_caecimuris_I48_xml_TP_cpd00276_B_caecimuris_I48_xml_e0	0.0	0.0
B_caecimuris_I48_xml_TP_cpd00222_B_caecimuris_I48_xml_e0	0.0	0.0
B_caecimuris_I48_xml_TP_cpd00080_B_caecimuris_I48_xml_e0	0.0	5.999999999999886
B_caecimuris_I48_xml_TP_cpd00121_B_caecimuris_I48_xml_e0	0.0	178.6291666666667
B_caecimuris_I48_xml_TP_cpd00205_B_caecimuris_I48_xml_e0	-0.0066147628657264885	0.0
B_caecimuris_I48_xml_TP_cpd00208_B_caecimuris_I48_xml_e0	-0.1	90.24046639231823
B_caecimuris_I48_xml_TP_cpd01262_B_caecimuris_I48_xml_e0	0.0	0.0
B_caecimuris_I48_xml_TP_cpd00138_B_caecimuris_I48_xml_e0	0.0	209.49999999999997
B_caecimuris_I48_xml_TP_cpd00060_B_caecimuris_I48_xml_e0	-0.14661270585832298	0.10000000000000009
B_caecimuris_I48_xml_TP_cpd11574_B_caecimuris_I48_xml_e0	0.0	0.0
B_caecimuris_I48_xml_TP_cpd00064_B_caecimuris_I48_xml_e0	0.0	16.05
B_caecimuris_I48_xml_TP_cpd00141_B_caecimuris_I48_xml_e0	-1.0	400.1142857142894
B_caecimuris_I48_xml_TP_cpd01132_B_caecimuris_I48_xml_e0	0.0	0.0
B_caecimuris_I48_xml_TP_cpd00396_B_caecimuris_I48_xml_e0	0.0	0.0
B_caecimuris_I48_xml_TP_cpd00036_B_caecimuris_I48_xml_e0	0.0	366.29999999999995
B_caecimuris_I48_xml_TP_cpd00154_B_caecimuris_I48_xml_e0	0.0	0.1
B_caecimuris_I48_xml_TP_cpd00280_B_caecimuris_I48_xml_e0	0.0	0.0
B_caecimuris_I48_xml_TP_cpd01217_B_caecimuris_I48_xml_e0	0.0	12.025000000000027
B_caecimuris_I48_xml_TP_cpd00099_B_caecimuris_I48_xml_e0	-0.006614762865726471	0.0
B_caecimuris_I48_xml_TP_cpd00277_B_caecimuris_I48_xml_e0	0.0	9.620000000000001
B_caecimuris_I48_xml_TP_cpd01107_B_caecimuris_I48_xml_e0	0.0	0.0
B_caecimuris_I48_xml_TP_cpd01741_B_caecimuris_I48_xml_e0	0.0	82.58235294117641
B_caecimuris_I48_xml_TP_cpd03847_B_caecimuris_I48_xml_e0	-0.01251338302154658	0.0
B_caecimuris_I48_xml_TP_cpd15298_B_caecimuris_I48_xml_e0	0.0	0.0
B_caecimuris_I48_xml_TP_cpd00214_B_caecimuris_I48_xml_e0	0.0	0.0
B_caecimuris_I48_xml_TP_cpd15237_B_caecimuris_I48_xml_e0	0.0	0.0
B_caecimuris_I48_xml_TP_cpd01080_B_caecimuris_I48_xml_e0	-0.07548120833276561	0.0
B_caecimuris_I48_xml_TP_cpd15269_B_caecimuris_I48_xml_e0	0.0	0.0
B_caecimuris_I48_xml_TP_cpd01113_B_caecimuris_I48_xml_e0	0.0	0.0
B_caecimuris_I48_xml_TP_cpd03846_B_caecimuris_I48_xml_e0	0.0	0.0
B_caecimuris_I48_xml_TP_cpd11640_B_caecimuris_I48_xml_e0	-100.0	663.2238482384823
B_caecimuris_I48_xml_TP_cpd00531_B_caecimuris_I48_xml_e0	0.0	0.0
B_caecimuris_I48_xml_TP_cpd01399_B_caecimuris_I48_xml_e0	0.0	0.0
B_caecimuris_I48_xml_TP_cpd00254_B_caecimuris_I48_xml_e0	-0.006614762865726493	0.0
B_caecimuris_I48_xml_TP_cpd00794_B_caecimuris_I48_xml_e0	0.0	0.0
B_caecimuris_I48_xml_TP_cpd00305_B_caecimuris_I48_xml_e0	-0.0035789861836758884	0.0
B_caecimuris_I48_xml_TP_cpd00076_B_caecimuris_I48_xml_e0	-3.0	0.0
B_caecimuris_I48_xml_TP_cpd00082_B_caecimuris_I48_xml_e0	-1.0	208.49999999999997
B_caecimuris_I48_xml_TP_cpd04097_B_caecimuris_I48_xml_e0	0.0	0.0
B_caecimuris_I48_xml_TP_cpd00185_B_caecimuris_I48_xml_e0	0.0	0.0
B_caecimuris_I48_xml_TP_cpd00010_B_caecimuris_I48_xml_e0	0.0	0.10000000000000053
B_caecimuris_I48_xml_TP_cpd15494_B_caecimuris_I48_xml_e0	0.0	0.0
B_caecimuris_I48_xml_TP_cpd11976_B_caecimuris_I48_xml_e0	0.0	0.0
B_caecimuris_I48_xml_TP_cpd00832_B_caecimuris_I48_xml_e0	0.0	0.0
B_caecimuris_I48_xml_TP_cpd00100_B_caecimuris_I48_xml_e0	0.0	297.72592592592594
B_caecimuris_I48_xml_TP_cpd00306_B_caecimuris_I48_xml_e0	-0.1	0.0
B_caecimuris_I48_xml_TP_cpd00314_B_caecimuris_I48_xml_e0	-0.1	198.06026853252646
B_caecimuris_I48_xml_TP_cpd00158_B_caecimuris_I48_xml_e0	-100.0	0.0
B_caecimuris_I48_xml_TP_cpd11451_B_caecimuris_I48_xml_e0	0.0	0.0
B_caecimuris_I48_xml_TP_cpd11606_B_caecimuris_I48_xml_e0	0.0	0.0
B_caecimuris_I48_xml_TP_cpd17026_B_caecimuris_I48_xml_e0	0.0	0.0
B_caecimuris_I48_xml_TP_cpd17027_B_caecimuris_I48_xml_e0	0.0	0.0
B_caecimuris_I48_xml_TP_cpd02733_B_caecimuris_I48_xml_e0	0.0	0.0
B_caecimuris_I48_xml_TP_cpd01354_B_caecimuris_I48_xml_e0	0.0	0.0
B_caecimuris_I48_xml_TP_cpd03808_B_caecimuris_I48_xml_e0	0.0	0.0
B_caecimuris_I48_xml_TP_cpd00001_B_caecimuris_I48_xml_e0	-100.0	421.62265624999986
B_caecimuris_I48_xml_TP_cpd11842_B_caecimuris_I48_xml_e0	0.0	0.0
B_caecimuris_I48_xml_TP_cpd00122_B_caecimuris_I48_xml_e0	0.0	0.0
B_caecimuris_I48_xml_TP_cpd21520_B_caecimuris_I48_xml_e0	0.0	0.0
B_caecimuris_I48_xml_TP_cpd02992_B_caecimuris_I48_xml_e0	0.0	0.0
B_caecimuris_I48_xml_TP_cpd90017_B_caecimuris_I48_xml_e0	0.0	0.0
B_caecimuris_I48_xml_TP_cpd90003_B_caecimuris_I48_xml_e0	0.0	0.0
B_caecimuris_I48_xml_TP_cpd90008_B_caecimuris_I48_xml_e0	0.0	0.0
B_caecimuris_I48_xml_TP_cpd90006_B_caecimuris_I48_xml_e0	0.0	0.0
B_caecimuris_I48_xml_TP_cpd90005_B_caecimuris_I48_xml_e0	0.0	0.0
B_caecimuris_I48_xml_TP_cpd90007_B_caecimuris_I48_xml_e0	0.0	0.0
B_caecimuris_I48_xml_TP_cpd90004_B_caecimuris_I48_xml_e0	0.0	0.0
B_caecimuris_I48_xml_TP_cpd00526_B_caecimuris_I48_xml_e0	0.0	2.0
B_caecimuris_I48_xml_TP_cpd02829_B_caecimuris_I48_xml_e0	0.0	2.0
B_caecimuris_I48_xml_TP_cpd23431_B_caecimuris_I48_xml_e0	0.0	2.0
B_caecimuris_I48_xml_TP_cpd01663_B_caecimuris_I48_xml_e0	-1.0	2.0
B_caecimuris_I48_xml_TP_cpd35610_B_caecimuris_I48_xml_e0	0.0	3.0
B_caecimuris_I48_xml_TP_cpd11746_B_caecimuris_I48_xml_e0	0.0	0.0
B_caecimuris_I48_xml_TP_cpd01376_B_caecimuris_I48_xml_e0	0.0	0.0
B_caecimuris_I48_xml_TP_cpd90020_B_caecimuris_I48_xml_e0	0.0	0.0
B_caecimuris_I48_xml_TP_cpd90021_B_caecimuris_I48_xml_e0	0.0	0.0
B_caecimuris_I48_xml_TP_cpd90022_B_caecimuris_I48_xml_e0	0.0	0.0
B_caecimuris_I48_xml_TP_cpd00011_B_caecimuris_I48_xml_e0	-100.0	610.1909090909087
B_caecimuris_I48_xml_TP_cpd00007_B_caecimuris_I48_xml_e0	0.0	0.0
B_caecimuris_I48_xml_TP_cpd01981_B_caecimuris_I48_xml_e0	0.0	0.003578986183675888
B_caecimuris_I48_xml_TP_cpd00073_B_caecimuris_I48_xml_e0	0.0	0.0
B_caecimuris_I48_xml_TP_cpd01861_B_caecimuris_I48_xml_e0	0.0	0.0
B_caecimuris_I48_xml_TP_cpd00453_B_caecimuris_I48_xml_e0	0.0	0.0
B_caecimuris_I48_xml_TP_cpd00071_B_caecimuris_I48_xml_e0	0.0	383.58500000000015
B_caecimuris_I48_xml_TP_cpd00150_B_caecimuris_I48_xml_e0	0.0	0.0
B_caecimuris_I48_xml_TP_cpd08021_B_caecimuris_I48_xml_e0	0.0	0.0
B_caecimuris_I48_xml_TP_cpd00450_B_caecimuris_I48_xml_e0	0.0	0.0
B_caecimuris_I48_xml_TP_cpd00363_B_caecimuris_I48_xml_e0	-0.1	375.09333333333416
B_caecimuris_I48_xml_TP_cpd00055_B_caecimuris_I48_xml_e0	0.0	0.0
B_caecimuris_I48_xml_TP_cpd00448_B_caecimuris_I48_xml_e0	0.0	342.93982102908274
B_caecimuris_I48_xml_TP_cpd00025_B_caecimuris_I48_xml_e0	0.0	0.0
B_caecimuris_I48_xml_TP_cpd00239_B_caecimuris_I48_xml_e0	0.0	0.09999999999999964
B_caecimuris_I48_xml_TP_cpd00359_B_caecimuris_I48_xml_e0	0.0	0.0
B_caecimuris_I48_xml_TP_cpd00659_B_caecimuris_I48_xml_e0	0.0	0.0
B_caecimuris_I48_xml_TP_cpd00418_B_caecimuris_I48_xml_e0	0.0	0.0
B_caecimuris_I48_xml_TP_cpd00371_B_caecimuris_I48_xml_e0	0.0	0.0
B_caecimuris_I48_xml_TP_cpd00811_B_caecimuris_I48_xml_e0	0.0	0.0
B_caecimuris_I48_xml_TP_cpd01024_B_caecimuris_I48_xml_e0	0.0	0.0
B_caecimuris_I48_xml_TP_cpd00204_B_caecimuris_I48_xml_e0	0.0	0.0
B_caecimuris_I48_xml_TP_cpd00528_B_caecimuris_I48_xml_e0	0.0	0.0
B_caecimuris_I48_xml_TP_cpd11632_B_caecimuris_I48_xml_e0	0.0	0.0
B_caecimuris_I48_xml_TP_cpd03662_B_caecimuris_I48_xml_e0	0.0	0.0
B_caecimuris_I48_xml_TP_cpd00178_B_caecimuris_I48_xml_e0	0.0	0.0
B_caecimuris_I48_xml_TP_cpd01618_B_caecimuris_I48_xml_e0	0.0	0.0
B_caecimuris_I48_xml_TP_cpd00211_B_caecimuris_I48_xml_e0	0.0	280.78
B_caecimuris_I48_xml_TP_cpd00220_B_caecimuris_I48_xml_e0	-0.007157972367351755	12.025000000000063
B_caecimuris_I48_xml_TP_cpd00644_B_caecimuris_I48_xml_e0	-0.10000000000000009	35.099999999999994
B_caecimuris_I48_xml_TP_cpd00087_B_caecimuris_I48_xml_e0	-0.010736958551027414	0.0
B_caecimuris_I48_xml_TP_cpd00588_B_caecimuris_I48_xml_e0	-0.1	198.06026853252646
B_caecimuris_I48_xml_TP_cpd00035_B_caecimuris_I48_xml_e0	-3.0	29.1
B_caecimuris_I48_xml_TP_cpd00033_B_caecimuris_I48_xml_e0	-3.0	29.1
B_caecimuris_I48_xml_TP_cpd00300_B_caecimuris_I48_xml_e0	-4.0	8.024999999999999
B_caecimuris_I48_xml_TP_cpd00322_B_caecimuris_I48_xml_e0	-0.3255764553883758	0.0
B_caecimuris_I48_xml_TP_cpd00107_B_caecimuris_I48_xml_e0	-0.4633100697088561	0.0
B_caecimuris_I48_xml_TP_cpd00066_B_caecimuris_I48_xml_e0	-0.15948102710792514	0.0
B_caecimuris_I48_xml_TP_cpd00129_B_caecimuris_I48_xml_e0	-0.190289861890138	32.099999999999994
B_caecimuris_I48_xml_TP_cpd00054_B_caecimuris_I48_xml_e0	-3.0	29.099999999999973
B_caecimuris_I48_xml_TP_cpd00161_B_caecimuris_I48_xml_e0	-2.0	30.099999999999994
B_caecimuris_I48_xml_TP_cpd00065_B_caecimuris_I48_xml_e0	-0.0489316787717497	0.0
B_caecimuris_I48_xml_TP_cpd00069_B_caecimuris_I48_xml_e0	-0.11870462813146752	0.0
B_caecimuris_I48_xml_TP_cpd00156_B_caecimuris_I48_xml_e0	-3.0	0.0
B_caecimuris_I48_xml_TP_cpd03246_B_caecimuris_I48_xml_e0	-1.0	0.0
B_caecimuris_I48_xml_TP_cpd03247_B_caecimuris_I48_xml_e0	-1.0	0.0
B_caecimuris_I48_xml_TP_cpd03047_B_caecimuris_I48_xml_e0	-1.0	0.0
B_caecimuris_I48_xml_TP_cpd01318_B_caecimuris_I48_xml_e0	-1.0	0.0
B_caecimuris_I48_xml_TP_cpd00210_B_caecimuris_I48_xml_e0	0.0	2.0
B_caecimuris_I48_xml_TP_cpd00281_B_caecimuris_I48_xml_e0	0.0	34.1
B_caecimuris_I48_xml_TP_cpd03198_B_caecimuris_I48_xml_e0	0.0	0.0
B_caecimuris_I48_xml_TP_cpd00020_B_caecimuris_I48_xml_e0	0.0	427.58999999999986
B_caecimuris_I48_xml_TP_cpd00053_B_caecimuris_I48_xml_e0	0.0	0.0
B_caecimuris_I48_xml_TP_cpd00221_B_caecimuris_I48_xml_e0	0.0	467.9666666666666
B_caecimuris_I48_xml_TP_cpd00164_B_caecimuris_I48_xml_e0	0.0	0.0
B_caecimuris_I48_xml_TP_cpd00105_B_caecimuris_I48_xml_e0	0.0	210.31056603773578
B_caecimuris_I48_xml_TP_cpd00003_B_caecimuris_I48_xml_e0	0.0	3.0000000000000226
B_caecimuris_I48_xml_TP_cpd00309_B_caecimuris_I48_xml_e0	0.0	12.024999999999991
B_caecimuris_I48_xml_TP_cpd00028_B_caecimuris_I48_xml_e0	0.0	0.2
EX_cpd00009_exchg	-18.0	1.9895196601282805e-13
EX_cpd00030_exchg	-0.019844288597179478	0.0
EX_cpd00034_exchg	-0.019844288597179478	0.0
EX_cpd00048_exchg	-0.019844288597179478	0.0
EX_cpd00118_exchg	0.0	41.1
EX_cpd00149_exchg	-0.019844288597179478	0.0
EX_cpd00179_exchg	-0.30000000000000004	-2.7755575615628914e-17
EX_cpd00224_exchg	0.0	0.1
EX_cpd00244_exchg	0.0	0.0
EX_cpd00264_exchg	0.0	27.400000000000006
EX_cpd00268_exchg	0.0	0.0
EX_cpd10516_exchg	-0.11322952573145295	0.0
EX_cpd00067_exchg	-190.86012017710308	1000.0
EX_cpd00092_exchg	0.0	51.18260869565219
EX_cpd00367_exchg	0.0	0.8926321079111611
EX_cpd00184_exchg	0.0	16.050000000000068
EX_cpd00311_exchg	0.0	17.62000000000006
EX_cpd00130_exchg	0.0	607.0130517023961
EX_cpd00971_exchg	0.0	0.0
EX_cpd00137_exchg	0.0	425.975195859236
EX_cpd00041_exchg	-12.0	95.12692307692305
EX_cpd00027_exchg	-6.0	0.0
EX_cpd00084_exchg	-0.30000000000000004	-2.7755575615628914e-17
EX_cpd00023_exchg	-27.0	78.79333333333335
EX_cpd00119_exchg	-0.24465839385874968	10.700000000000003
EX_cpd00051_exchg	-6.0	24.075000000000003
EX_cpd00039_exchg	-3.590804714058905	50.77272727272725
EX_cpd00246_exchg	0.0	20.024999999999153
EX_cpd00182_exchg	0.0	17.619999999999976
EX_cpd00013_exchg	0.0	110.30000000000001
EX_cpd00232_exchg	0.0	82.20000000000005
EX_cpd00029_exchg	-3.0	1000.0
EX_cpd04098_exchg	0.0	0.0
EX_cpd00132_exchg	0.0	55.14999999999998
EX_cpd00063_exchg	-0.019844288597179453	0.0
EX_cpd01012_exchg	0.0	0.0
EX_cpd00058_exchg	-0.019844288597179436	0.0
EX_cpd10515_exchg	-0.30000000000000004	0.09999999999999998
EX_cpd00047_exchg	0.0	1000.0
EX_cpd00106_exchg	0.0	682.4060000000002
EX_cpd00108_exchg	-0.30000000000000004	163.74981047420127
EX_cpd00276_exchg	0.0	0.0
EX_cpd00222_exchg	0.0	192.92676991150444
EX_cpd00080_exchg	0.0	6.0
EX_cpd00121_exchg	0.0	357.6958333333333
EX_cpd00205_exchg	-0.019844288597179415	0.0
EX_cpd00208_exchg	-0.2	90.24046639231823
EX_cpd01262_exchg	0.0	0.0
EX_cpd00138_exchg	0.0	209.49999999999997
EX_cpd00060_exchg	-0.432680145207617	0.30000000000000004
EX_cpd11574_exchg	0.0	0.0
EX_cpd00064_exchg	0.0	56.14999999999998
EX_cpd00141_exchg	-2.0754812083327656	856.7206349206344
EX_cpd01132_exchg	0.0	0.0
EX_cpd00396_exchg	0.0	0.0
EX_cpd00036_exchg	0.0	705.2811111111107
EX_cpd00154_exchg	0.0	0.1
EX_cpd00280_exchg	0.0	0.0
EX_cpd01217_exchg	0.0	20.025
EX_cpd00099_exchg	-0.01984428859717942	0.0
EX_cpd00277_exchg	0.0	17.620000000000005
EX_cpd01107_exchg	0.0	0.0
EX_cpd01741_exchg	0.0	82.58235294117647
EX_cpd03847_exchg	-0.01251338302154658	0.0
EX_cpd15298_exchg	0.0	0.0
EX_cpd00214_exchg	0.0	0.0
EX_cpd15237_exchg	0.0	0.0
EX_cpd01080_exchg	-0.22644362499829684	0.0
EX_cpd15269_exchg	0.0	0.0
EX_cpd01113_exchg	0.0	0.0
EX_cpd03846_exchg	0.0	0.0
EX_cpd11640_exchg	-270.01	1000.0
EX_cpd00531_exchg	0.0	0.0
EX_cpd01399_exchg	0.0	0.0
EX_cpd00254_exchg	-0.019844288597179415	0.0
EX_cpd00794_exchg	0.0	0.0
EX_cpd00305_exchg	-0.010736958551027631	0.0
EX_cpd00076_exchg	-3.0	0.0
EX_cpd00082_exchg	-3.0	216.4444444444444
EX_cpd04097_exchg	0.0	0.0
EX_cpd00185_exchg	0.0	210.7277777777777
EX_cpd00010_exchg	0.0	0.3000000000000015
EX_cpd15494_exchg	0.0	0.0
EX_cpd11976_exchg	0.0	0.0
EX_cpd00832_exchg	0.0	0.0
EX_cpd00100_exchg	0.0	592.7377030026871
EX_cpd00306_exchg	-0.1	0.0
EX_cpd00314_exchg	-0.30000000000000004	198.06026853252646
EX_cpd00158_exchg	-200.0	0.0
EX_cpd11451_exchg	0.0	0.0
EX_cpd11606_exchg	0.0	0.0
EX_cpd17026_exchg	0.0	0.0
EX_cpd17027_exchg	0.0	0.0
EX_cpd02733_exchg	0.0	0.0
EX_cpd01354_exchg	0.0	0.0
EX_cpd03808_exchg	0.0	0.0
EX_cpd00001_exchg	-260.2	1000.0
EX_cpd11842_exchg	0.0	0.0
EX_cpd00122_exchg	0.0	56.541666666666856
EX_cpd21520_exchg	0.0	0.0
EX_cpd02992_exchg	0.0	0.0
EX_cpd90017_exchg	0.0	0.0
EX_cpd90003_exchg	0.0	0.0
EX_cpd90008_exchg	0.0	0.0
EX_cpd90006_exchg	0.0	0.0
EX_cpd90005_exchg	0.0	0.0
EX_cpd90007_exchg	0.0	0.0
EX_cpd90004_exchg	0.0	0.0
EX_cpd00526_exchg	0.0	6.0
EX_cpd02829_exchg	0.0	2.0
EX_cpd23431_exchg	0.0	6.0
EX_cpd01663_exchg	-1.0	5.0
EX_cpd35610_exchg	0.0	3.0
EX_cpd11746_exchg	0.0	0.0
EX_cpd01376_exchg	0.0	0.0
EX_cpd90020_exchg	0.0	0.0
EX_cpd90021_exchg	0.0	0.0
EX_cpd90022_exchg	0.0	0.0
EX_cpd00011_exchg	-223.51428571428573	1000.0
EX_cpd00007_exchg	0.0	0.0
EX_cpd01981_exchg	0.0	0.003578986183675877
EX_cpd00073_exchg	0.0	39.933333333333344
EX_cpd01861_exchg	0.0	16.541379310344833
EX_cpd00453_exchg	0.0	16.541379310344833
EX_cpd00071_exchg	0.0	983.8427777777778
EX_cpd00150_exchg	0.0	0.0
EX_cpd08021_exchg	0.0	0.0
EX_cpd00450_exchg	0.0	0.0
EX_cpd00363_exchg	-0.30000000000000004	880.271111111111
EX_cpd00055_exchg	0.0	0.0
EX_cpd00448_exchg	0.0	671.4223768100156
EX_cpd00025_exchg	0.0	0.0
EX_cpd00239_exchg	0.0	0.30000000000000004
EX_cpd00359_exchg	0.0	50.099999999999966
EX_cpd00659_exchg	0.0	0.0
EX_cpd00418_exchg	0.0	0.0
EX_cpd00371_exchg	0.0	16.541379310344826
EX_cpd00811_exchg	0.0	0.0
EX_cpd01024_exchg	0.0	0.0
EX_cpd00204_exchg	0.0	491.7333333333332
EX_cpd00528_exchg	0.0	0.0
EX_cpd11632_exchg	0.0	0.0
EX_cpd03662_exchg	0.0	0.0
EX_cpd00178_exchg	0.0	0.0
EX_cpd01618_exchg	0.0	16.541379310344826
EX_cpd00211_exchg	-0.1501605962585589	585.4526086956519
EX_cpd00220_exchg	-0.02147391710205526	16.025
EX_cpd00644_exchg	-0.30000000000000004	35.10000000000001
EX_cpd00087_exchg	-0.03221087565308234	0.0
EX_cpd00588_exchg	-0.1	198.06026853252644
EX_cpd00035_exchg	-9.0	101.08000000000007
EX_cpd00033_exchg	-9.0	99.97000000000003
EX_cpd00300_exchg	-12.0	8.025000000000002
EX_cpd00322_exchg	-0.9767293661651275	62.22173913043488
EX_cpd00107_exchg	-4.926620139417713	46.09999999999991
EX_cpd00066_exchg	-0.47844308132377544	55.391129032258064
EX_cpd00129_exchg	-5.380579723780276	96.10714285714286
EX_cpd00054_exchg	-9.0	97.26111111111098
EX_cpd00161_exchg	-6.0	92.82142857142847
EX_cpd00065_exchg	-0.1467950363152491	25.050000000000004
EX_cpd00069_exchg	-0.35611388439440256	55.39112903225806
EX_cpd00156_exchg	-6.825929120580607	61.773684210526284
EX_cpd03246_exchg	-2.0	0.0
EX_cpd03247_exchg	-3.0	0.0
EX_cpd03047_exchg	-3.0	0.0
EX_cpd01318_exchg	-3.0	0.0
EX_cpd00210_exchg	0.0	5.0
EX_cpd00281_exchg	0.0	107.10714285714258
EX_cpd03198_exchg	0.0	0.0
EX_cpd00020_exchg	0.0	896.0533333333335
EX_cpd00053_exchg	0.0	39.10000000000004
EX_cpd00221_exchg	0.0	908.55
EX_cpd00164_exchg	0.0	0.0
EX_cpd00105_exchg	0.0	383.71210368354696
EX_cpd00003_exchg	0.0	6.1000000000002
EX_cpd00028_exchg	0.0	0.4
EX_cpd00309_exchg	0.0	20.025
E_clostridioformis_YL32_xml_TP_cpd00794_E_clostridioformis_YL32_xml_e0	0.0	0.0
E_clostridioformis_YL32_xml_TP_cpd00001_E_clostridioformis_YL32_xml_e0	-100.0	599.0095238095238
E_clostridioformis_YL32_xml_TP_cpd03247_E_clostridioformis_YL32_xml_e0	-1.0	0.0
E_clostridioformis_YL32_xml_TP_cpd00033_E_clostridioformis_YL32_xml_e0	-3.0	47.09999999999998
E_clostridioformis_YL32_xml_TP_cpd01663_E_clostridioformis_YL32_xml_e0	0.0	2.0
E_clostridioformis_YL32_xml_TP_cpd01318_E_clostridioformis_YL32_xml_e0	-1.0	0.0
E_clostridioformis_YL32_xml_TP_cpd00526_E_clostridioformis_YL32_xml_e0	0.0	2.0
E_clostridioformis_YL32_xml_TP_cpd00009_E_clostridioformis_YL32_xml_e0	-6.0	-6.403766406037903e-13
E_clostridioformis_YL32_xml_TP_cpd00023_E_clostridioformis_YL32_xml_e0	-9.0	41.09999999999998
E_clostridioformis_YL32_xml_TP_cpd00027_E_clostridioformis_YL32_xml_e0	-2.0	0.0
E_clostridioformis_YL32_xml_TP_cpd00028_E_clostridioformis_YL32_xml_e0	0.0	0.1
E_clostridioformis_YL32_xml_TP_cpd00030_E_clostridioformis_YL32_xml_e0	-0.006614762865726473	0.0
E_clostridioformis_YL32_xml_TP_cpd00034_E_clostridioformis_YL32_xml_e0	-0.006614762865726473	0.0
E_clostridioformis_YL32_xml_TP_cpd00039_E_clostridioformis_YL32_xml_e0	-3.0	22.05000000000002
E_clostridioformis_YL32_xml_TP_cpd00041_E_clostridioformis_YL32_xml_e0	-4.0	46.09999999999998
E_clostridioformis_YL32_xml_TP_cpd00048_E_clostridioformis_YL32_xml_e0	-0.006614762865726473	0.0
E_clostridioformis_YL32_xml_TP_cpd00051_E_clostridioformis_YL32_xml_e0	-2.0	11.025000000000006
E_clostridioformis_YL32_xml_TP_cpd00053_E_clostridioformis_YL32_xml_e0	0.0	25.049999999999898
E_clostridioformis_YL32_xml_TP_cpd00064_E_clostridioformis_YL32_xml_e0	0.0	25.049999999999997
E_clostridioformis_YL32_xml_TP_cpd00098_E_clostridioformis_YL32_xml_e0	0.0	0.0
E_clostridioformis_YL32_xml_TP_cpd00105_E_clostridioformis_YL32_xml_e0	0.0	164.9173913043478
E_clostridioformis_YL32_xml_TP_cpd00107_E_clostridioformis_YL32_xml_e0	-4.0	46.1
E_clostridioformis_YL32_xml_TP_cpd00108_E_clostridioformis_YL32_xml_e0	-0.1	0.1
E_clostridioformis_YL32_xml_TP_cpd00118_E_clostridioformis_YL32_xml_e0	0.0	26.05
E_clostridioformis_YL32_xml_TP_cpd00119_E_clostridioformis_YL32_xml_e0	-0.08155279795291644	0.0
E_clostridioformis_YL32_xml_TP_cpd00129_E_clostridioformis_YL32_xml_e0	-5.0	45.1
E_clostridioformis_YL32_xml_TP_cpd00149_E_clostridioformis_YL32_xml_e0	-0.006614762865726473	0.0
E_clostridioformis_YL32_xml_TP_cpd00154_E_clostridioformis_YL32_xml_e0	0.0	0.0
E_clostridioformis_YL32_xml_TP_cpd00156_E_clostridioformis_YL32_xml_e0	-3.0	47.1
E_clostridioformis_YL32_xml_TP_cpd00161_E_clostridioformis_YL32_xml_e0	-2.0	48.100000000000016
E_clostridioformis_YL32_xml_TP_cpd00179_E_clostridioformis_YL32_xml_e0	-0.1	0.0
E_clostridioformis_YL32_xml_TP_cpd00209_E_clostridioformis_YL32_xml_e0	0.0	0.0
E_clostridioformis_YL32_xml_TP_cpd00210_E_clostridioformis_YL32_xml_e0	0.0	2.0
E_clostridioformis_YL32_xml_TP_cpd00224_E_clostridioformis_YL32_xml_e0	0.0	0.0
E_clostridioformis_YL32_xml_TP_cpd00244_E_clostridioformis_YL32_xml_e0	0.0	0.0
E_clostridioformis_YL32_xml_TP_cpd00264_E_clostridioformis_YL32_xml_e0	0.0	17.366666666666664
E_clostridioformis_YL32_xml_TP_cpd00268_E_clostridioformis_YL32_xml_e0	0.0	0.0
E_clostridioformis_YL32_xml_TP_cpd00305_E_clostridioformis_YL32_xml_e0	-0.0035789861836758776	0.0
E_clostridioformis_YL32_xml_TP_cpd00322_E_clostridioformis_YL32_xml_e0	-0.3255764553883758	50.099999999999966
E_clostridioformis_YL32_xml_TP_cpd10516_E_clostridioformis_YL32_xml_e0	-0.006614762865726473	0.0
E_clostridioformis_YL32_xml_TP_cpd00067_E_clostridioformis_YL32_xml_e0	-100.0	753.5119999999994
E_clostridioformis_YL32_xml_TP_cpd00092_E_clostridioformis_YL32_xml_e0	0.0	25.050000000000004
E_clostridioformis_YL32_xml_TP_cpd00367_E_clostridioformis_YL32_xml_e0	0.0	0.3131537896299913
E_clostridioformis_YL32_xml_TP_cpd00309_E_clostridioformis_YL32_xml_e0	0.0	3.9999999999997726
E_clostridioformis_YL32_xml_TP_cpd00311_E_clostridioformis_YL32_xml_e0	0.0	3.9999999999998295
E_clostridioformis_YL32_xml_TP_cpd00130_E_clostridioformis_YL32_xml_e0	0.0	305.16999999999996
E_clostridioformis_YL32_xml_TP_cpd00971_E_clostridioformis_YL32_xml_e0	0.0	1.1368683772161603e-13
E_clostridioformis_YL32_xml_TP_cpd00137_E_clostridioformis_YL32_xml_e0	0.0	217.97857142857143
E_clostridioformis_YL32_xml_TP_cpd00035_E_clostridioformis_YL32_xml_e0	-3.0	47.10000000000001
E_clostridioformis_YL32_xml_TP_cpd00060_E_clostridioformis_YL32_xml_e0	-0.14303371967464698	0.1
E_clostridioformis_YL32_xml_TP_cpd00104_E_clostridioformis_YL32_xml_e0	0.0	0.0
E_clostridioformis_YL32_xml_TP_cpd00084_E_clostridioformis_YL32_xml_e0	-0.1	0.0
E_clostridioformis_YL32_xml_TP_cpd00069_E_clostridioformis_YL32_xml_e0	-0.11870462813146744	50.100000000000016
E_clostridioformis_YL32_xml_TP_cpd00246_E_clostridioformis_YL32_xml_e0	0.0	4.0
E_clostridioformis_YL32_xml_TP_cpd00182_E_clostridioformis_YL32_xml_e0	0.0	4.000000000000291
E_clostridioformis_YL32_xml_TP_cpd00013_E_clostridioformis_YL32_xml_e0	0.0	50.10000000000002
E_clostridioformis_YL32_xml_TP_cpd00232_E_clostridioformis_YL32_xml_e0	0.0	50.099999999999994
E_clostridioformis_YL32_xml_TP_cpd00029_E_clostridioformis_YL32_xml_e0	-1.0	710.5999999999998
E_clostridioformis_YL32_xml_TP_cpd04098_E_clostridioformis_YL32_xml_e0	0.0	0.0
E_clostridioformis_YL32_xml_TP_cpd00132_E_clostridioformis_YL32_xml_e0	0.0	25.05000000000001
E_clostridioformis_YL32_xml_TP_cpd00063_E_clostridioformis_YL32_xml_e0	-0.006614762865726469	0.0
E_clostridioformis_YL32_xml_TP_cpd01012_E_clostridioformis_YL32_xml_e0	0.0	0.0
E_clostridioformis_YL32_xml_TP_cpd00158_E_clostridioformis_YL32_xml_e0	-100.0	0.0
E_clostridioformis_YL32_xml_TP_cpd00307_E_clostridioformis_YL32_xml_e0	0.0	0.3131537896299907
E_clostridioformis_YL32_xml_TP_cpd00058_E_clostridioformis_YL32_xml_e0	-0.006614762865726471	0.0
E_clostridioformis_YL32_xml_TP_cpd10515_E_clostridioformis_YL32_xml_e0	-0.1	0.0
E_clostridioformis_YL32_xml_TP_cpd00047_E_clostridioformis_YL32_xml_e0	0.0	590.5273809523808
E_clostridioformis_YL32_xml_TP_cpd00082_E_clostridioformis_YL32_xml_e0	-1.0	0.0
E_clostridioformis_YL32_xml_TP_cpd00106_E_clostridioformis_YL32_xml_e0	0.0	369.27500000000003
E_clostridioformis_YL32_xml_TP_cpd00281_E_clostridioformis_YL32_xml_e0	0.0	52.10000000000001
E_clostridioformis_YL32_xml_TP_cpd00276_E_clostridioformis_YL32_xml_e0	0.0	0.0
E_clostridioformis_YL32_xml_TP_cpd00222_E_clostridioformis_YL32_xml_e0	0.0	184.3017699115044
E_clostridioformis_YL32_xml_TP_cpd00540_E_clostridioformis_YL32_xml_e0	0.0	0.0
E_clostridioformis_YL32_xml_TP_cpd00100_E_clostridioformis_YL32_xml_e0	0.0	295.0117770767612
E_clostridioformis_YL32_xml_TP_cpd00121_E_clostridioformis_YL32_xml_e0	0.0	179.06666666666666
E_clostridioformis_YL32_xml_TP_cpd00205_E_clostridioformis_YL32_xml_e0	-0.006614762865726473	0.0
E_clostridioformis_YL32_xml_TP_cpd00208_E_clostridioformis_YL32_xml_e0	-0.1	0.0
E_clostridioformis_YL32_xml_TP_cpd00159_E_clostridioformis_YL32_xml_e0	0.0	440.5833333333333
E_clostridioformis_YL32_xml_TP_cpd01262_E_clostridioformis_YL32_xml_e0	0.0	0.0
E_clostridioformis_YL32_xml_TP_cpd00138_E_clostridioformis_YL32_xml_e0	0.0	0.0
E_clostridioformis_YL32_xml_TP_cpd03198_E_clostridioformis_YL32_xml_e0	0.0	0.0
E_clostridioformis_YL32_xml_TP_cpd00314_E_clostridioformis_YL32_xml_e0	-0.1	0.0
E_clostridioformis_YL32_xml_TP_cpd11574_E_clostridioformis_YL32_xml_e0	0.0	0.0
E_clostridioformis_YL32_xml_TP_cpd00075_E_clostridioformis_YL32_xml_e0	0.0	0.0
E_clostridioformis_YL32_xml_TP_cpd00141_E_clostridioformis_YL32_xml_e0	-0.07548120833276561	416.62857142857143
E_clostridioformis_YL32_xml_TP_cpd00012_E_clostridioformis_YL32_xml_e0	0.0	2.999999999999659
E_clostridioformis_YL32_xml_TP_cpd01132_E_clostridioformis_YL32_xml_e0	0.0	0.0
E_clostridioformis_YL32_xml_TP_cpd00396_E_clostridioformis_YL32_xml_e0	0.0	0.0
E_clostridioformis_YL32_xml_TP_cpd01030_E_clostridioformis_YL32_xml_e0	0.0	0.0
E_clostridioformis_YL32_xml_TP_cpd00036_E_clostridioformis_YL32_xml_e0	0.0	369.2750000000002
E_clostridioformis_YL32_xml_TP_cpd00076_E_clostridioformis_YL32_xml_e0	0.0	0.0
E_clostridioformis_YL32_xml_TP_cpd01217_E_clostridioformis_YL32_xml_e0	0.0	4.0
E_clostridioformis_YL32_xml_TP_cpd01092_E_clostridioformis_YL32_xml_e0	0.0	0.0
E_clostridioformis_YL32_xml_TP_cpd00211_E_clostridioformis_YL32_xml_e0	-0.07508029812927948	286.7400000000008
E_clostridioformis_YL32_xml_TP_cpd00751_E_clostridioformis_YL32_xml_e0	0.0	0.0
E_clostridioformis_YL32_xml_TP_cpd00059_E_clostridioformis_YL32_xml_e0	0.0	0.0
E_clostridioformis_YL32_xml_TP_cpd00099_E_clostridioformis_YL32_xml_e0	-0.006614762865726473	0.0
E_clostridioformis_YL32_xml_TP_cpd01015_E_clostridioformis_YL32_xml_e0	0.0	0.0
E_clostridioformis_YL32_xml_TP_cpd00277_E_clostridioformis_YL32_xml_e0	0.0	4.000000000000233
E_clostridioformis_YL32_xml_TP_cpd00221_E_clostridioformis_YL32_xml_e0	0.0	440.5833333333328
E_clostridioformis_YL32_xml_TP_cpd00653_E_clostridioformis_YL32_xml_e0	0.0	0.0
E_clostridioformis_YL32_xml_TP_cpd00531_E_clostridioformis_YL32_xml_e0	0.0	0.0
E_clostridioformis_YL32_xml_TP_cpd00573_E_clostridioformis_YL32_xml_e0	0.0	184.30176991150438
E_clostridioformis_YL32_xml_TP_cpd01399_E_clostridioformis_YL32_xml_e0	0.0	0.0
E_clostridioformis_YL32_xml_TP_cpd00254_E_clostridioformis_YL32_xml_e0	-0.0066147628657264755	0.0
E_clostridioformis_YL32_xml_TP_cpd04097_E_clostridioformis_YL32_xml_e0	0.0	0.0
E_clostridioformis_YL32_xml_TP_cpd00185_E_clostridioformis_YL32_xml_e0	0.0	210.72777777777756
E_clostridioformis_YL32_xml_TP_cpd15494_E_clostridioformis_YL32_xml_e0	0.0	0.0
E_clostridioformis_YL32_xml_TP_cpd00054_E_clostridioformis_YL32_xml_e0	-3.0	47.099999999999945
E_clostridioformis_YL32_xml_TP_cpd11976_E_clostridioformis_YL32_xml_e0	0.0	0.0
E_clostridioformis_YL32_xml_TP_cpd00153_E_clostridioformis_YL32_xml_e0	0.0	0.0
E_clostridioformis_YL32_xml_TP_cpd00380_E_clostridioformis_YL32_xml_e0	0.0	0.0
E_clostridioformis_YL32_xml_TP_cpd00152_E_clostridioformis_YL32_xml_e0	0.0	13.024999999999991
E_clostridioformis_YL32_xml_TP_cpd11451_E_clostridioformis_YL32_xml_e0	0.0	0.0
E_clostridioformis_YL32_xml_TP_cpd11606_E_clostridioformis_YL32_xml_e0	0.0	0.0
E_clostridioformis_YL32_xml_TP_cpd17026_E_clostridioformis_YL32_xml_e0	0.0	0.0
E_clostridioformis_YL32_xml_TP_cpd17027_E_clostridioformis_YL32_xml_e0	0.0	0.0
E_clostridioformis_YL32_xml_TP_cpd01048_E_clostridioformis_YL32_xml_e0	0.0	0.0
E_clostridioformis_YL32_xml_TP_cpd02733_E_clostridioformis_YL32_xml_e0	0.0	0.0
E_clostridioformis_YL32_xml_TP_cpd01354_E_clostridioformis_YL32_xml_e0	0.0	0.0
E_clostridioformis_YL32_xml_TP_cpd03808_E_clostridioformis_YL32_xml_e0	0.0	0.0
E_clostridioformis_YL32_xml_TP_cpd00393_E_clostridioformis_YL32_xml_e0	0.0	0.0
E_clostridioformis_YL32_xml_TP_cpd90008_E_clostridioformis_YL32_xml_e0	0.0	0.0
E_clostridioformis_YL32_xml_TP_cpd90005_E_clostridioformis_YL32_xml_e0	0.0	0.0
E_clostridioformis_YL32_xml_TP_cpd90007_E_clostridioformis_YL32_xml_e0	0.0	0.0
E_clostridioformis_YL32_xml_TP_cpd90006_E_clostridioformis_YL32_xml_e0	0.0	0.0
E_clostridioformis_YL32_xml_TP_cpd00832_E_clostridioformis_YL32_xml_e0	0.0	0.0
E_clostridioformis_YL32_xml_TP_cpd23431_E_clostridioformis_YL32_xml_e0	0.0	2.0
E_clostridioformis_YL32_xml_TP_cpd23430_E_clostridioformis_YL32_xml_e0	0.0	2.0
E_clostridioformis_YL32_xml_TP_cpd90020_E_clostridioformis_YL32_xml_e0	0.0	0.0
E_clostridioformis_YL32_xml_TP_cpd90022_E_clostridioformis_YL32_xml_e0	0.0	0.0
E_clostridioformis_YL32_xml_TP_cpd00011_E_clostridioformis_YL32_xml_e0	-100.0	562.0333333333335
E_clostridioformis_YL32_xml_TP_cpd00007_E_clostridioformis_YL32_xml_e0	0.0	0.0
E_clostridioformis_YL32_xml_TP_cpd01981_E_clostridioformis_YL32_xml_e0	0.0	0.0
E_clostridioformis_YL32_xml_TP_cpd00073_E_clostridioformis_YL32_xml_e0	0.0	25.049999999999983
E_clostridioformis_YL32_xml_TP_cpd01861_E_clostridioformis_YL32_xml_e0	0.0	0.0
E_clostridioformis_YL32_xml_TP_cpd00453_E_clostridioformis_YL32_xml_e0	0.0	0.0
E_clostridioformis_YL32_xml_TP_cpd00071_E_clostridioformis_YL32_xml_e0	0.0	569.2800000000001
E_clostridioformis_YL32_xml_TP_cpd00150_E_clostridioformis_YL32_xml_e0	0.0	0.0
E_clostridioformis_YL32_xml_TP_cpd08021_E_clostridioformis_YL32_xml_e0	0.0	0.0
E_clostridioformis_YL32_xml_TP_cpd00450_E_clostridioformis_YL32_xml_e0	0.0	0.0
E_clostridioformis_YL32_xml_TP_cpd00363_E_clostridioformis_YL32_xml_e0	-0.1	474.29999999999967
E_clostridioformis_YL32_xml_TP_cpd00055_E_clostridioformis_YL32_xml_e0	0.0	0.0
E_clostridioformis_YL32_xml_TP_cpd00448_E_clostridioformis_YL32_xml_e0	0.0	311.9411764705882
E_clostridioformis_YL32_xml_TP_cpd00025_E_clostridioformis_YL32_xml_e0	0.0	0.0
E_clostridioformis_YL32_xml_TP_cpd00239_E_clostridioformis_YL32_xml_e0	0.0	0.1
E_clostridioformis_YL32_xml_TP_cpd11640_E_clostridioformis_YL32_xml_e0	-100.0	1000.0
E_clostridioformis_YL32_xml_TP_cpd00359_E_clostridioformis_YL32_xml_e0	0.0	50.099999999999994
E_clostridioformis_YL32_xml_TP_cpd00659_E_clostridioformis_YL32_xml_e0	0.0	0.0
E_clostridioformis_YL32_xml_TP_cpd00418_E_clostridioformis_YL32_xml_e0	0.0	0.0
E_clostridioformis_YL32_xml_TP_cpd00371_E_clostridioformis_YL32_xml_e0	0.0	0.0
E_clostridioformis_YL32_xml_TP_cpd00811_E_clostridioformis_YL32_xml_e0	0.0	0.0
E_clostridioformis_YL32_xml_TP_cpd01024_E_clostridioformis_YL32_xml_e0	0.0	0.0
E_clostridioformis_YL32_xml_TP_cpd00204_E_clostridioformis_YL32_xml_e0	0.0	491.7333333333335
E_clostridioformis_YL32_xml_TP_cpd00528_E_clostridioformis_YL32_xml_e0	0.0	0.0
E_clostridioformis_YL32_xml_TP_cpd11632_E_clostridioformis_YL32_xml_e0	0.0	0.0
E_clostridioformis_YL32_xml_TP_cpd03662_E_clostridioformis_YL32_xml_e0	0.0	0.0
E_clostridioformis_YL32_xml_TP_cpd00178_E_clostridioformis_YL32_xml_e0	0.0	0.0
E_clostridioformis_YL32_xml_TP_cpd01618_E_clostridioformis_YL32_xml_e0	0.0	0.0
E_clostridioformis_YL32_xml_TP_cpd00220_E_clostridioformis_YL32_xml_e0	-0.007157972367351755	4.0
E_clostridioformis_YL32_xml_TP_cpd00133_E_clostridioformis_YL32_xml_e0	-0.1	25.05
E_clostridioformis_YL32_xml_TP_cpd00644_E_clostridioformis_YL32_xml_e0	-0.1	0.0
E_clostridioformis_YL32_xml_TP_cpd00087_E_clostridioformis_YL32_xml_e0	-0.010736958551027631	0.0
E_clostridioformis_YL32_xml_TP_cpd00300_E_clostridioformis_YL32_xml_e0	-4.0	0.0
E_clostridioformis_YL32_xml_TP_cpd00066_E_clostridioformis_YL32_xml_e0	-0.15948102710792514	50.09999999999991
E_clostridioformis_YL32_xml_TP_cpd00065_E_clostridioformis_YL32_xml_e0	-0.0489316787717497	25.04999999999997
E_clostridioformis_YL32_xml_TP_cpd01080_E_clostridioformis_YL32_xml_e0	-0.07548120833276561	0.0
E_clostridioformis_YL32_xml_TP_cpd03246_E_clostridioformis_YL32_xml_e0	-1.0	0.0
E_clostridioformis_YL32_xml_TP_cpd03047_E_clostridioformis_YL32_xml_e0	-1.0	0.0
E_clostridioformis_YL32_xml_TP_cpd00417_E_clostridioformis_YL32_xml_e0	0.0	0.0
E_clostridioformis_YL32_xml_TP_cpd00020_E_clostridioformis_YL32_xml_e0	0.0	440.58333333333337
E_clostridioformis_YL32_xml_TP_cpd00366_E_clostridioformis_YL32_xml_e0	0.0	203.27560975609762
E_clostridioformis_YL32_xml_TP_cpd00003_E_clostridioformis_YL32_xml_e0	0.0	3.0000000000000226
E_clostridioformis_YL32_xml_TP_cpd00038_E_clostridioformis_YL32_xml_e0	0.0	1.9999999999999316
E_clostridioformis_YL32_xml_TP_cpd00139_E_clostridioformis_YL32_xml_e0	0.0	0.0
E_clostridioformis_YL32_xml_TP_cpd00176_E_clostridioformis_YL32_xml_e0	0.0	203.4080188679245
E_clostridioformis_YL32_xml_TP_cpd00010_E_clostridioformis_YL32_xml_e0	0.0	0.10000000000000178
E_clostridioformis_YL32_xml_TP_cpd00122_E_clostridioformis_YL32_xml_e0	0.0	50.1
EX_cpd00098_exchg	0.0	0.0
EX_cpd00209_exchg	0.0	0.0
EX_cpd00104_exchg	0.0	0.0
EX_cpd00307_exchg	0.0	0.6078506112839348
EX_cpd00540_exchg	0.0	0.0
EX_cpd00159_exchg	0.0	440.58333333333303
EX_cpd00075_exchg	0.0	0.0
EX_cpd00012_exchg	0.0	5.99999999999964
EX_cpd01030_exchg	0.0	0.0
EX_cpd01092_exchg	0.0	0.0
EX_cpd00751_exchg	0.0	0.0
EX_cpd00059_exchg	0.0	0.0
EX_cpd01015_exchg	0.0	0.0
EX_cpd00653_exchg	0.0	0.0
EX_cpd00573_exchg	0.0	184.3017699115044
EX_cpd00153_exchg	0.0	0.0
EX_cpd00380_exchg	0.0	14.222413793103447
EX_cpd00152_exchg	0.0	21.549999999999997
EX_cpd01048_exchg	0.0	0.0
EX_cpd00393_exchg	0.0	0.0
EX_cpd23430_exchg	0.0	2.0
EX_cpd00133_exchg	-0.2	25.050000000000036
EX_cpd00417_exchg	0.0	0.0
EX_cpd00366_exchg	0.0	203.27560975609754
EX_cpd00038_exchg	0.0	4.000000000000032
EX_cpd00139_exchg	0.0	0.0
EX_cpd00176_exchg	0.0	203.40801886792454
F_plautii_YL31_xml_TP_cpd00009_F_plautii_YL31_xml_e0	-6.0	0.0
F_plautii_YL31_xml_TP_cpd00023_F_plautii_YL31_xml_e0	-9.0	14.593333333333323
F_plautii_YL31_xml_TP_cpd00027_F_plautii_YL31_xml_e0	-2.0	0.0
F_plautii_YL31_xml_TP_cpd00028_F_plautii_YL31_xml_e0	0.0	0.1
F_plautii_YL31_xml_TP_cpd00030_F_plautii_YL31_xml_e0	-0.006614762865726471	0.0
F_plautii_YL31_xml_TP_cpd00034_F_plautii_YL31_xml_e0	-0.006614762865726473	0.0
F_plautii_YL31_xml_TP_cpd00039_F_plautii_YL31_xml_e0	-0.2954023570294518	12.672727272727263
F_plautii_YL31_xml_TP_cpd00041_F_plautii_YL31_xml_e0	-4.0	20.92692307692308
F_plautii_YL31_xml_TP_cpd00048_F_plautii_YL31_xml_e0	-0.006614762865726473	0.0
F_plautii_YL31_xml_TP_cpd00051_F_plautii_YL31_xml_e0	-2.0	6.525
F_plautii_YL31_xml_TP_cpd00053_F_plautii_YL31_xml_e0	0.0	14.049999999999997
F_plautii_YL31_xml_TP_cpd00064_F_plautii_YL31_xml_e0	0.0	15.05
F_plautii_YL31_xml_TP_cpd00098_F_plautii_YL31_xml_e0	0.0	0.0
F_plautii_YL31_xml_TP_cpd00105_F_plautii_YL31_xml_e0	0.0	8.484146341463415
F_plautii_YL31_xml_TP_cpd00107_F_plautii_YL31_xml_e0	-0.4633100697088561	0.0
F_plautii_YL31_xml_TP_cpd00108_F_plautii_YL31_xml_e0	-0.1	7.419354838709678
F_plautii_YL31_xml_TP_cpd00118_F_plautii_YL31_xml_e0	0.0	15.05
F_plautii_YL31_xml_TP_cpd00119_F_plautii_YL31_xml_e0	-0.08155279795291644	0.0
F_plautii_YL31_xml_TP_cpd00129_F_plautii_YL31_xml_e0	-0.190289861890138	18.907142857142855
F_plautii_YL31_xml_TP_cpd00149_F_plautii_YL31_xml_e0	-0.006614762865726473	0.0
F_plautii_YL31_xml_TP_cpd00154_F_plautii_YL31_xml_e0	0.0	0.0
F_plautii_YL31_xml_TP_cpd00156_F_plautii_YL31_xml_e0	-0.8259291205806067	14.673684210526318
F_plautii_YL31_xml_TP_cpd00161_F_plautii_YL31_xml_e0	-2.0	14.62142857142856
F_plautii_YL31_xml_TP_cpd00179_F_plautii_YL31_xml_e0	-0.1	0.0
F_plautii_YL31_xml_TP_cpd00209_F_plautii_YL31_xml_e0	0.0	0.0
F_plautii_YL31_xml_TP_cpd00210_F_plautii_YL31_xml_e0	0.0	1.0
F_plautii_YL31_xml_TP_cpd00224_F_plautii_YL31_xml_e0	0.0	0.0
F_plautii_YL31_xml_TP_cpd00244_F_plautii_YL31_xml_e0	0.0	0.0
F_plautii_YL31_xml_TP_cpd00264_F_plautii_YL31_xml_e0	0.0	10.033333333333339
F_plautii_YL31_xml_TP_cpd00268_F_plautii_YL31_xml_e0	0.0	0.0
F_plautii_YL31_xml_TP_cpd00305_F_plautii_YL31_xml_e0	-0.0035789861836758776	0.0
F_plautii_YL31_xml_TP_cpd00322_F_plautii_YL31_xml_e0	-0.3255764553883758	12.121739130434785
F_plautii_YL31_xml_TP_cpd00540_F_plautii_YL31_xml_e0	0.0	0.0
F_plautii_YL31_xml_TP_cpd10516_F_plautii_YL31_xml_e0	-0.006614762865726473	0.0
F_plautii_YL31_xml_TP_cpd00067_F_plautii_YL31_xml_e0	-46.01666666666664	35.65555555555557
F_plautii_YL31_xml_TP_cpd00092_F_plautii_YL31_xml_e0	0.0	10.082608695652175
F_plautii_YL31_xml_TP_cpd00367_F_plautii_YL31_xml_e0	0.0	0.2975440359703896
F_plautii_YL31_xml_TP_cpd00309_F_plautii_YL31_xml_e0	0.0	4.0
F_plautii_YL31_xml_TP_cpd00311_F_plautii_YL31_xml_e0	0.0	4.0
F_plautii_YL31_xml_TP_cpd00130_F_plautii_YL31_xml_e0	0.0	25.778124999999996
F_plautii_YL31_xml_TP_cpd00971_F_plautii_YL31_xml_e0	0.0	0.0
F_plautii_YL31_xml_TP_cpd00137_F_plautii_YL31_xml_e0	0.0	14.222413793103453
F_plautii_YL31_xml_TP_cpd00035_F_plautii_YL31_xml_e0	-3.0	24.880000000000003
F_plautii_YL31_xml_TP_cpd00060_F_plautii_YL31_xml_e0	-0.14303371967464698	0.10000000000000053
F_plautii_YL31_xml_TP_cpd00104_F_plautii_YL31_xml_e0	0.0	0.0
F_plautii_YL31_xml_TP_cpd00084_F_plautii_YL31_xml_e0	-0.1	0.0
F_plautii_YL31_xml_TP_cpd00069_F_plautii_YL31_xml_e0	-0.11870462813146743	5.291129032258067
F_plautii_YL31_xml_TP_cpd00246_F_plautii_YL31_xml_e0	0.0	4.0
F_plautii_YL31_xml_TP_cpd00182_F_plautii_YL31_xml_e0	0.0	4.0
F_plautii_YL31_xml_TP_cpd00029_F_plautii_YL31_xml_e0	-1.0	36.49545454545455
F_plautii_YL31_xml_TP_cpd00132_F_plautii_YL31_xml_e0	0.0	14.049999999999999
F_plautii_YL31_xml_TP_cpd00063_F_plautii_YL31_xml_e0	-0.006614762865726471	0.0
F_plautii_YL31_xml_TP_cpd01012_F_plautii_YL31_xml_e0	0.0	0.0
F_plautii_YL31_xml_TP_cpd00307_F_plautii_YL31_xml_e0	0.0	0.3039253056419675
F_plautii_YL31_xml_TP_cpd00058_F_plautii_YL31_xml_e0	-0.006614762865726473	0.0
F_plautii_YL31_xml_TP_cpd10515_F_plautii_YL31_xml_e0	-0.1	0.0
F_plautii_YL31_xml_TP_cpd00082_F_plautii_YL31_xml_e0	-1.0	7.944444444444445
F_plautii_YL31_xml_TP_cpd00106_F_plautii_YL31_xml_e0	0.0	25.77812499999999
F_plautii_YL31_xml_TP_cpd00033_F_plautii_YL31_xml_e0	-3.0	23.769999999999982
F_plautii_YL31_xml_TP_cpd00121_F_plautii_YL31_xml_e0	0.0	0.0
F_plautii_YL31_xml_TP_cpd00205_F_plautii_YL31_xml_e0	-0.006614762865726473	0.0
F_plautii_YL31_xml_TP_cpd00208_F_plautii_YL31_xml_e0	0.0	0.0
F_plautii_YL31_xml_TP_cpd01262_F_plautii_YL31_xml_e0	0.0	0.0
F_plautii_YL31_xml_TP_cpd11574_F_plautii_YL31_xml_e0	0.0	0.0
F_plautii_YL31_xml_TP_cpd00075_F_plautii_YL31_xml_e0	0.0	0.0
F_plautii_YL31_xml_TP_cpd00141_F_plautii_YL31_xml_e0	-1.0	39.97777777777778
F_plautii_YL31_xml_TP_cpd00012_F_plautii_YL31_xml_e0	0.0	3.0
F_plautii_YL31_xml_TP_cpd01132_F_plautii_YL31_xml_e0	0.0	0.0
F_plautii_YL31_xml_TP_cpd00396_F_plautii_YL31_xml_e0	0.0	0.0
F_plautii_YL31_xml_TP_cpd00036_F_plautii_YL31_xml_e0	0.0	36.16333333333333
F_plautii_YL31_xml_TP_cpd01217_F_plautii_YL31_xml_e0	0.0	3.999999999999998
F_plautii_YL31_xml_TP_cpd01092_F_plautii_YL31_xml_e0	0.0	0.0
F_plautii_YL31_xml_TP_cpd00211_F_plautii_YL31_xml_e0	-0.07508029812927944	17.932608695652185
F_plautii_YL31_xml_TP_cpd00751_F_plautii_YL31_xml_e0	0.0	0.0
F_plautii_YL31_xml_TP_cpd00099_F_plautii_YL31_xml_e0	-0.00661476286572647	0.0
F_plautii_YL31_xml_TP_cpd01015_F_plautii_YL31_xml_e0	0.0	0.0
F_plautii_YL31_xml_TP_cpd00277_F_plautii_YL31_xml_e0	0.0	3.9999999999999982
F_plautii_YL31_xml_TP_cpd00531_F_plautii_YL31_xml_e0	0.0	0.0
F_plautii_YL31_xml_TP_cpd01399_F_plautii_YL31_xml_e0	0.0	0.0
F_plautii_YL31_xml_TP_cpd00254_F_plautii_YL31_xml_e0	-0.00661476286572647	0.0
F_plautii_YL31_xml_TP_cpd04097_F_plautii_YL31_xml_e0	0.0	0.0
F_plautii_YL31_xml_TP_cpd00185_F_plautii_YL31_xml_e0	0.0	0.0
F_plautii_YL31_xml_TP_cpd00010_F_plautii_YL31_xml_e0	0.0	0.09999999999999964
F_plautii_YL31_xml_TP_cpd15494_F_plautii_YL31_xml_e0	0.0	0.0
F_plautii_YL31_xml_TP_cpd00794_F_plautii_YL31_xml_e0	0.0	0.0
F_plautii_YL31_xml_TP_cpd00054_F_plautii_YL31_xml_e0	-3.0	21.06111111111111
F_plautii_YL31_xml_TP_cpd11976_F_plautii_YL31_xml_e0	0.0	0.0
F_plautii_YL31_xml_TP_cpd00153_F_plautii_YL31_xml_e0	0.0	0.0
F_plautii_YL31_xml_TP_cpd00380_F_plautii_YL31_xml_e0	0.0	14.22241379310345
F_plautii_YL31_xml_TP_cpd00281_F_plautii_YL31_xml_e0	0.0	20.907142857142855
F_plautii_YL31_xml_TP_cpd00138_F_plautii_YL31_xml_e0	0.0	0.0
F_plautii_YL31_xml_TP_cpd00314_F_plautii_YL31_xml_e0	-0.1	0.0
F_plautii_YL31_xml_TP_cpd02733_F_plautii_YL31_xml_e0	0.0	0.0
F_plautii_YL31_xml_TP_cpd01354_F_plautii_YL31_xml_e0	0.0	0.0
F_plautii_YL31_xml_TP_cpd03808_F_plautii_YL31_xml_e0	0.0	0.0
F_plautii_YL31_xml_TP_cpd00393_F_plautii_YL31_xml_e0	0.0	0.0
F_plautii_YL31_xml_TP_cpd00526_F_plautii_YL31_xml_e0	0.0	2.0
F_plautii_YL31_xml_TP_cpd00949_F_plautii_YL31_xml_e0	0.0	2.0
F_plautii_YL31_xml_TP_cpd23431_F_plautii_YL31_xml_e0	0.0	2.0
F_plautii_YL31_xml_TP_cpd00001_F_plautii_YL31_xml_e0	-60.20000000000001	52.9
F_plautii_YL31_xml_TP_cpd00013_F_plautii_YL31_xml_e0	0.0	28.1
F_plautii_YL31_xml_TP_cpd00011_F_plautii_YL31_xml_e0	-23.514285714285748	59.65
F_plautii_YL31_xml_TP_cpd00007_F_plautii_YL31_xml_e0	0.0	0.0
F_plautii_YL31_xml_TP_cpd01981_F_plautii_YL31_xml_e0	0.0	0.0
F_plautii_YL31_xml_TP_cpd00073_F_plautii_YL31_xml_e0	0.0	14.883333333333333
F_plautii_YL31_xml_TP_cpd01861_F_plautii_YL31_xml_e0	0.0	16.541379310344837
F_plautii_YL31_xml_TP_cpd00453_F_plautii_YL31_xml_e0	0.0	16.54137931034484
F_plautii_YL31_xml_TP_cpd00071_F_plautii_YL31_xml_e0	0.0	30.977777777777785
F_plautii_YL31_xml_TP_cpd00150_F_plautii_YL31_xml_e0	0.0	0.0
F_plautii_YL31_xml_TP_cpd08021_F_plautii_YL31_xml_e0	0.0	0.0
F_plautii_YL31_xml_TP_cpd00450_F_plautii_YL31_xml_e0	0.0	0.0
F_plautii_YL31_xml_TP_cpd00363_F_plautii_YL31_xml_e0	-0.1	30.877777777777776
F_plautii_YL31_xml_TP_cpd00055_F_plautii_YL31_xml_e0	0.0	0.0
F_plautii_YL31_xml_TP_cpd00448_F_plautii_YL31_xml_e0	0.0	16.541379310344826
F_plautii_YL31_xml_TP_cpd00025_F_plautii_YL31_xml_e0	0.0	0.0
F_plautii_YL31_xml_TP_cpd00239_F_plautii_YL31_xml_e0	0.0	0.1
F_plautii_YL31_xml_TP_cpd11640_F_plautii_YL31_xml_e0	-70.00999999999992	75.75
F_plautii_YL31_xml_TP_cpd00359_F_plautii_YL31_xml_e0	0.0	0.0
F_plautii_YL31_xml_TP_cpd00659_F_plautii_YL31_xml_e0	0.0	0.0
F_plautii_YL31_xml_TP_cpd00418_F_plautii_YL31_xml_e0	0.0	0.0
F_plautii_YL31_xml_TP_cpd00371_F_plautii_YL31_xml_e0	0.0	16.541379310344826
F_plautii_YL31_xml_TP_cpd00811_F_plautii_YL31_xml_e0	0.0	0.0
F_plautii_YL31_xml_TP_cpd01024_F_plautii_YL31_xml_e0	0.0	0.0
F_plautii_YL31_xml_TP_cpd00204_F_plautii_YL31_xml_e0	0.0	0.0
F_plautii_YL31_xml_TP_cpd00528_F_plautii_YL31_xml_e0	0.0	0.0
F_plautii_YL31_xml_TP_cpd11632_F_plautii_YL31_xml_e0	0.0	0.0
F_plautii_YL31_xml_TP_cpd03662_F_plautii_YL31_xml_e0	0.0	0.0
F_plautii_YL31_xml_TP_cpd00178_F_plautii_YL31_xml_e0	0.0	0.0
F_plautii_YL31_xml_TP_cpd01618_F_plautii_YL31_xml_e0	0.0	16.541379310344826
F_plautii_YL31_xml_TP_cpd00220_F_plautii_YL31_xml_e0	-0.00715797236735174	0.0
F_plautii_YL31_xml_TP_cpd00133_F_plautii_YL31_xml_e0	-0.1	0.0
F_plautii_YL31_xml_TP_cpd00644_F_plautii_YL31_xml_e0	-0.1	0.0
F_plautii_YL31_xml_TP_cpd00215_F_plautii_YL31_xml_e0	-0.003578986183675872	0.0
F_plautii_YL31_xml_TP_cpd00087_F_plautii_YL31_xml_e0	-0.010736958551027076	0.0
F_plautii_YL31_xml_TP_cpd00300_F_plautii_YL31_xml_e0	-4.0	0.0
F_plautii_YL31_xml_TP_cpd00066_F_plautii_YL31_xml_e0	-0.1594810271079249	5.291129032258063
F_plautii_YL31_xml_TP_cpd00065_F_plautii_YL31_xml_e0	-0.04893167877174962	0.0
F_plautii_YL31_xml_TP_cpd01080_F_plautii_YL31_xml_e0	-0.0754812083327655	0.0
F_plautii_YL31_xml_TP_cpd01663_F_plautii_YL31_xml_e0	0.0	1.0
F_plautii_YL31_xml_TP_cpd03247_F_plautii_YL31_xml_e0	-1.0	0.0
F_plautii_YL31_xml_TP_cpd03047_F_plautii_YL31_xml_e0	-1.0	0.0
F_plautii_YL31_xml_TP_cpd01318_F_plautii_YL31_xml_e0	-1.0	0.0
F_plautii_YL31_xml_TP_cpd00122_F_plautii_YL31_xml_e0	0.0	6.441666666666667
F_plautii_YL31_xml_TP_cpd03198_F_plautii_YL31_xml_e0	0.0	0.0
F_plautii_YL31_xml_TP_cpd00020_F_plautii_YL31_xml_e0	0.0	27.880000000000017
F_plautii_YL31_xml_TP_cpd00249_F_plautii_YL31_xml_e0	0.0	5.005035971223023
F_plautii_YL31_xml_TP_cpd00222_F_plautii_YL31_xml_e0	0.0	8.624999999999996
F_plautii_YL31_xml_TP_cpd00003_F_plautii_YL31_xml_e0	0.0	0.10000000000000425
F_plautii_YL31_xml_TP_cpd00038_F_plautii_YL31_xml_e0	0.0	2.000000000000007
F_plautii_YL31_xml_TP_cpd00653_F_plautii_YL31_xml_e0	0.0	0.0
F_plautii_YL31_xml_TP_cpd00152_F_plautii_YL31_xml_e0	0.0	8.525
F_plautii_YL31_xml_TP_cpd00047_F_plautii_YL31_xml_e0	0.0	0.0
F_plautii_YL31_xml_TP_cpd01113_F_plautii_YL31_xml_e0	0.0	0.0
EX_cpd00949_exchg	0.0	2.0
EX_cpd00215_exchg	-0.0035789861836758776	0.0
EX_cpd00249_exchg	0.0	5.005035971223022
community_biomass	0.0	0.9068368917794961
EX_cpd11416_exchg	0.0	0.9068368917794961
