reaction_id	flux
dv_TP_H2_TP_dv_External_Species	9.035993
dv_TP_Ac_TP_dv_External_Species	4.580928
dv_TP_CO2_TP_dv_External_Species	-0.194887
dv_TP_Form_TP_dv_External_Species	0.143044
dv_TP_SO4_TP_dv_External_Species	0.000000
dv_TP_H2S_TP_dv_External_Species	0.000000
dv_TP_Eth_TP_dv_External_Species	-4.653194
dv_TP_Lac_TP_dv_External_Species	0.000000
dv_TP_Pyr_TP_dv_External_Species	0.000000
dv_Ala_Synth_dv_Internal_Species	0.002867
dv_Arg_Synth_dv_Internal_Species	0.001560
dv_Asn_Synth_dv_Internal_Species	0.001271
dv_Asp_synth_dv_Internal_Species	0.013668
dv_Cys_Synth_dv_Internal_Species	0.001293
dv_Gln_Synth_dv_Internal_Species	0.007626
dv_Glu_synth_dv_Internal_Species	0.042358
dv_Gly_Synth_dv_Internal_Species	0.005046
dv_His_Synth_dv_Internal_Species	0.000500
dv_Ile_Synth_dv_Internal_Species	0.001532
dv_Leu_Synth_dv_Internal_Species	0.002376
dv_Lys_Synth_dv_Internal_Species	0.001809
dv_Met_Synth_dv_Internal_Species	0.000810
dv_Phe_Synth_dv_Internal_Species	0.000977
dv_Pro_Synth_dv_Internal_Species	0.001166
dv_Ser_Synth_dv_Internal_Species	0.008453
dv_Thr_Synth_dv_Internal_Species	0.002870
dv_Trp_Synth_dv_Internal_Species	0.000300
dv_Tyr_Synth_dv_Internal_Species	0.000727
dv_Val_Synth_dv_Internal_Species	0.002231
dv__2PG__PEP_dv_Internal_Species	-0.019733
dv__3PG__2PG_dv_Internal_Species	-0.019733
dv_AcCoA__AcP_dv_Internal_Species	-0.075118
dv_AcP__Ac_dv_Internal_Species	-0.075118
dv_Adh__Eth_dv_Internal_Species	4.653194
dv_ADPGlc_Synth_dv_Internal_Species	0.000441
dv_ATPmaint_dv_Internal_Species	0.394432
dv_ATPSynth_dv_Internal_Species	0.744572
dv_avg_FS_Synth_dv_Internal_Species	0.001352
dv_C14_0_FS_Synth_dv_Internal_Species	0.000049
dv_CDPEth_Synth_dv_Internal_Species	0.000049
dv_Chor_Synth_dv_Internal_Species	0.002004
dv_Cit__ICit_dv_Internal_Species	0.005579
dv_CMP_KDO_Synth_dv_Internal_Species	0.000049
dv_dATP_Synth_dv_Internal_Species	0.000114
dv_dCTP_Synth_dv_Internal_Species	0.000117
dv_dGTP_Synth_dv_Internal_Species	0.000117
dv_DHAP__G3P_dv_Internal_Species	-0.004765
dv_DHAP__Glyc3P_dv_Internal_Species	0.000676
dv_di_am_pim_Synth_dv_Internal_Species	0.001888
dv_DPG__3PG_dv_Internal_Species	-0.011231
dv_dTTP_Synth_dv_Internal_Species	0.000114
dv_F16P__F6P_dv_Internal_Species	0.004089
dv_F16P__T3P_dv_Internal_Species	-0.004089
dv_F6P__F16P_dv_Internal_Species	0.000000
dv_Fum__Mal_dv_Internal_Species	0.005190
dv_Fum__Succ_dv_Internal_Species	0.000000
dv_G3P__DPG_dv_Internal_Species	-0.011231
dv_G6P__F6P_dv_Internal_Species	-0.000548
dv_Glyc__Glyc3P_dv_Internal_Species	0.000000
dv_ICit__alKG_dv_Internal_Species	0.005579
dv_KetoPGluc__G3P_Pyr_dv_Internal_Species	0.000000
dv_MTHF_Synth_dv_Internal_Species	-0.000491
dv_NDPHep_Synth_dv_Internal_Species	0.000049
dv_OH_myr_ac_Synth_dv_Internal_Species	0.000049
dv_PEP__PYR_dv_Internal_Species	0.000000
dv_PGluc__Rl5P_dv_Internal_Species	0.000000
dv_PRPP_Synth_dv_Internal_Species	0.003973
dv_Pyr__PEP_dv_Internal_Species	0.023869
dv_rATP_Synth_dv_Internal_Species	0.000824
dv_rCTP_Synth_dv_Internal_Species	0.000659
dv_rGTP_Synth_dv_Internal_Species	0.000991
dv_Rl5P__R5P_dv_Internal_Species	0.003350
dv_Rl5P__X5P_dv_Internal_Species	-0.003350
dv_rUTP_Synth_dv_Internal_Species	0.001359
dv_Succ__Fum_dv_Internal_Species	0.000000
dv_SuccCoA__Succ_dv_Internal_Species	-0.002699
dv_TDPGlcs_Synth_dv_Internal_Species	0.000033
dv_Transaldo_dv_Internal_Species	-0.000673
dv_TransHydro_dv_Internal_Species	0.078081
dv_Transket1_dv_Internal_Species	-0.000673
dv_Transket2_dv_Internal_Species	-0.002677
dv_UDPGlc_Synth_dv_Internal_Species	0.000033
dv_UDP_NAG_Synth_dv_Internal_Species	0.000158
dv_UDP_NAM_Synth_dv_Internal_Species	0.000079
dv_Ac_ex	4.580928
dv_CO2_ex	0.000000
dv_Eth_up	4.653194
dv_Form_ex	0.143044
dv_Lac_up	0.000000
dv_N_up_dv_Internal_Species	0.051913
dv_S_up_dv_Internal_Species	0.001293
dv_Pyr__OxA_dv_Internal_Species	0.019248
dv_Mal__Pyr_dv_Internal_Species	0.005190
dv_Ac__AcCoA_dv_Internal_Species	0.000000
dv_Ac__Adh_dv_Internal_Species	4.653194
dv_H2S_ex	0.000000
dv_Sulfatreduktion_dv_Internal_Species	0.000000
dv_SO4_up	0.000000
dv_H2_up	0.000000
dv_AcCoA__Cit_dv_Internal_Species	0.005579
dv_Pyr__AcCoA_dv_Internal_Species	0.000000
dv_Lac__Pyr2_dv_Internal_Species	0.000000
dv_Ac_up	0.000000
dv_H2_ex	9.035993
dv_Eth_ex	0.000000
dv_Pyr_up	0.000000
dv_AcCoA__Adh_dv_Internal_Species	0.000000
dv__0Pyr__AcCoA_dv_Internal_Species	-0.052317
dv_NADH__Fd_red_dv_Internal_Species	4.578160
dv_RSH2__H2_dv_Internal_Species	2.289080
dv_Succ_ex_dv_Internal_Species	0.000000
dv_Fdred__H2_dv_Internal_Species	6.746913
dv_Fdred__Form_dv_Internal_Species	0.143044
dv_BM_Synth_dv_Internal_Species	0.004770
dv_r_BMDV2BMc	0.004770
dv_Prot_Synth_dv_Internal_Species	0.003053
dv_RNA_Synth_dv_Internal_Species	0.000882
dv_DNA_Synth_dv_Internal_Species	0.000143
dv_Lip_Synth_dv_Internal_Species	0.000477
dv_LPS_Synth_dv_Internal_Species	0.000072
dv_PepGly_Synth_dv_Internal_Species	0.000072
dv_Glyc_Synth_dv_Internal_Species	0.000072
dv_PolyPhos_Synth_dv_Internal_Species	0.000000
dv_CO2_up	0.194887
EX_H2_EX_exchg	0.000000
EX_Ac_EX_exchg	0.000000
EX_CO2_EX_exchg	1.236195
EX_Form_EX_exchg	0.000000
EX_SO4_EX_exchg	0.000000
EX_H2S_EX_exchg	-0.000000
EX_Eth_EX_exchg	-4.653194
EX_Lac_EX_exchg	-0.000000
EX_Pyr_EX_exchg	0.000000
dv_to_community_biomass	0.004770
dv_fraction_reaction	0.091728
SK_dv_TP_H2_TP_dv_External_Species_lb	1.007643
SK_dv_TP_H2_TP_dv_External_Species_ub	0.826923
SK_dv_TP_Ac_TP_dv_External_Species_lb	0.963092
SK_dv_TP_Ac_TP_dv_External_Species_ub	0.871474
SK_dv_TP_CO2_TP_dv_External_Species_lb	0.915334
SK_dv_TP_CO2_TP_dv_External_Species_ub	0.919232
SK_dv_TP_Form_TP_dv_External_Species_lb	0.918714
SK_dv_TP_Form_TP_dv_External_Species_ub	0.915853
SK_dv_TP_SO4_TP_dv_External_Species_lb	0.917283
SK_dv_TP_SO4_TP_dv_External_Species_ub	0.917283
SK_dv_TP_H2S_TP_dv_External_Species_lb	0.917283
SK_dv_TP_H2S_TP_dv_External_Species_ub	0.917283
SK_dv_TP_Eth_TP_dv_External_Species_lb	0.870751
SK_dv_TP_Eth_TP_dv_External_Species_ub	0.963815
SK_dv_TP_Lac_TP_dv_External_Species_lb	0.917283
SK_dv_TP_Lac_TP_dv_External_Species_ub	0.917283
SK_dv_TP_Pyr_TP_dv_External_Species_lb	0.917283
SK_dv_TP_Pyr_TP_dv_External_Species_ub	0.917283
SK_dv_Ala_Synth_dv_Internal_Species_ub	0.917254
SK_dv_Arg_Synth_dv_Internal_Species_ub	0.917267
SK_dv_Asn_Synth_dv_Internal_Species_ub	0.917270
SK_dv_Asp_synth_dv_Internal_Species_ub	0.917146
SK_dv_Cys_Synth_dv_Internal_Species_ub	0.917270
SK_dv_Gln_Synth_dv_Internal_Species_ub	0.917207
SK_dv_Glu_synth_dv_Internal_Species_ub	0.916860
SK_dv_Gly_Synth_dv_Internal_Species_ub	0.917233
SK_dv_His_Synth_dv_Internal_Species_ub	0.917278
SK_dv_Ile_Synth_dv_Internal_Species_ub	0.917268
SK_dv_Leu_Synth_dv_Internal_Species_ub	0.917259
SK_dv_Lys_Synth_dv_Internal_Species_ub	0.917265
SK_dv_Met_Synth_dv_Internal_Species_ub	0.917275
SK_dv_Phe_Synth_dv_Internal_Species_ub	0.917273
SK_dv_Pro_Synth_dv_Internal_Species_ub	0.917271
SK_dv_Ser_Synth_dv_Internal_Species_ub	0.917199
SK_dv_Thr_Synth_dv_Internal_Species_ub	0.917254
SK_dv_Trp_Synth_dv_Internal_Species_ub	0.917280
SK_dv_Tyr_Synth_dv_Internal_Species_ub	0.917276
SK_dv_Val_Synth_dv_Internal_Species_ub	0.917261
SK_dv__2PG__PEP_dv_Internal_Species_lb	0.917086
SK_dv__2PG__PEP_dv_Internal_Species_ub	0.917480
SK_dv__3PG__2PG_dv_Internal_Species_lb	0.917086
SK_dv__3PG__2PG_dv_Internal_Species_ub	0.917480
SK_dv_AcCoA__AcP_dv_Internal_Species_lb	0.916532
SK_dv_AcCoA__AcP_dv_Internal_Species_ub	0.918034
SK_dv_AcP__Ac_dv_Internal_Species_lb	0.916532
SK_dv_AcP__Ac_dv_Internal_Species_ub	0.918034
SK_dv_Adh__Eth_dv_Internal_Species_lb	0.963815
SK_dv_Adh__Eth_dv_Internal_Species_ub	0.870751
SK_dv_ADPGlc_Synth_dv_Internal_Species_ub	0.917279
SK_dv_ATPmaint_dv_Internal_Species_lb	0.000000
SK_dv_ATPmaint_dv_Internal_Species_ub	0.913339
SK_dv_ATPSynth_dv_Internal_Species_lb	0.924729
SK_dv_ATPSynth_dv_Internal_Species_ub	0.909837
SK_dv_avg_FS_Synth_dv_Internal_Species_ub	0.917270
SK_dv_C14_0_FS_Synth_dv_Internal_Species_ub	0.917283
SK_dv_CDPEth_Synth_dv_Internal_Species_ub	0.917283
SK_dv_Chor_Synth_dv_Internal_Species_ub	0.917263
SK_dv_Cit__ICit_dv_Internal_Species_lb	0.917339
SK_dv_Cit__ICit_dv_Internal_Species_ub	0.917227
SK_dv_CMP_KDO_Synth_dv_Internal_Species_ub	0.917283
SK_dv_dATP_Synth_dv_Internal_Species_ub	0.917282
SK_dv_dCTP_Synth_dv_Internal_Species_ub	0.917282
SK_dv_dGTP_Synth_dv_Internal_Species_ub	0.917282
SK_dv_DHAP__G3P_dv_Internal_Species_lb	0.917235
SK_dv_DHAP__G3P_dv_Internal_Species_ub	0.917331
SK_dv_DHAP__Glyc3P_dv_Internal_Species_lb	0.917290
SK_dv_DHAP__Glyc3P_dv_Internal_Species_ub	0.917276
SK_dv_di_am_pim_Synth_dv_Internal_Species_ub	0.917264
SK_dv_DPG__3PG_dv_Internal_Species_lb	0.917171
SK_dv_DPG__3PG_dv_Internal_Species_ub	0.917395
SK_dv_dTTP_Synth_dv_Internal_Species_ub	0.917282
SK_dv_F16P__F6P_dv_Internal_Species_ub	0.917242
SK_dv_F16P__T3P_dv_Internal_Species_lb	0.917242
SK_dv_F16P__T3P_dv_Internal_Species_ub	0.917324
SK_dv_F6P__F16P_dv_Internal_Species_ub	0.917283
SK_dv_Fum__Mal_dv_Internal_Species_lb	0.917335
SK_dv_Fum__Mal_dv_Internal_Species_ub	0.917231
SK_dv_Fum__Succ_dv_Internal_Species_ub	0.917283
SK_dv_G3P__DPG_dv_Internal_Species_lb	0.917171
SK_dv_G3P__DPG_dv_Internal_Species_ub	0.917395
SK_dv_G6P__F6P_dv_Internal_Species_lb	0.917278
SK_dv_G6P__F6P_dv_Internal_Species_ub	0.917289
SK_dv_Glyc__Glyc3P_dv_Internal_Species_ub	0.917283
SK_dv_ICit__alKG_dv_Internal_Species_lb	0.917339
SK_dv_ICit__alKG_dv_Internal_Species_ub	0.917227
SK_dv_KetoPGluc__G3P_Pyr_dv_Internal_Species_lb	0.917283
SK_dv_KetoPGluc__G3P_Pyr_dv_Internal_Species_ub	0.917283
SK_dv_MTHF_Synth_dv_Internal_Species_lb	0.917278
SK_dv_MTHF_Synth_dv_Internal_Species_ub	0.917288
SK_dv_NDPHep_Synth_dv_Internal_Species_ub	0.917283
SK_dv_OH_myr_ac_Synth_dv_Internal_Species_ub	0.917283
SK_dv_PEP__PYR_dv_Internal_Species_ub	0.917283
SK_dv_PGluc__Rl5P_dv_Internal_Species_ub	0.917283
SK_dv_PRPP_Synth_dv_Internal_Species_ub	0.917243
SK_dv_Pyr__PEP_dv_Internal_Species_ub	0.917044
SK_dv_rATP_Synth_dv_Internal_Species_ub	0.917275
SK_dv_rCTP_Synth_dv_Internal_Species_ub	0.917276
SK_dv_rGTP_Synth_dv_Internal_Species_ub	0.917273
SK_dv_Rl5P__R5P_dv_Internal_Species_lb	0.917317
SK_dv_Rl5P__R5P_dv_Internal_Species_ub	0.917250
SK_dv_Rl5P__X5P_dv_Internal_Species_lb	0.917250
SK_dv_Rl5P__X5P_dv_Internal_Species_ub	0.917317
SK_dv_rUTP_Synth_dv_Internal_Species_ub	0.917270
SK_dv_Succ__Fum_dv_Internal_Species_ub	0.917283
SK_dv_SuccCoA__Succ_dv_Internal_Species_lb	0.917256
SK_dv_SuccCoA__Succ_dv_Internal_Species_ub	0.917310
SK_dv_TDPGlcs_Synth_dv_Internal_Species_ub	0.917283
SK_dv_Transaldo_dv_Internal_Species_lb	0.917276
SK_dv_Transaldo_dv_Internal_Species_ub	0.917290
SK_dv_TransHydro_dv_Internal_Species_ub	0.916502
SK_dv_Transket1_dv_Internal_Species_lb	0.917276
SK_dv_Transket1_dv_Internal_Species_ub	0.917290
SK_dv_Transket2_dv_Internal_Species_lb	0.917256
SK_dv_Transket2_dv_Internal_Species_ub	0.917310
SK_dv_UDPGlc_Synth_dv_Internal_Species_ub	0.917283
SK_dv_UDP_NAG_Synth_dv_Internal_Species_ub	0.917282
SK_dv_UDP_NAM_Synth_dv_Internal_Species_ub	0.917282
SK_dv_Ac_ex_ub	0.000055
SK_dv_CO2_ex_ub	0.917283
SK_dv_Eth_up_ub	0.870751
SK_dv_Form_ex_ub	0.915853
SK_dv_Lac_up_ub	0.917283
SK_dv_N_up_dv_Internal_Species_ub	0.916764
SK_dv_S_up_dv_Internal_Species_ub	0.917270
SK_dv_Pyr__OxA_dv_Internal_Species_ub	0.917091
SK_dv_Mal__Pyr_dv_Internal_Species_lb	0.917335
SK_dv_Mal__Pyr_dv_Internal_Species_ub	0.917231
SK_dv_Ac__AcCoA_dv_Internal_Species_ub	0.917283
SK_dv_Ac__Adh_dv_Internal_Species_ub	0.870751
SK_dv_H2S_ex_ub	0.917283
SK_dv_Sulfatreduktion_dv_Internal_Species_ub	0.917283
SK_dv_SO4_up_ub	0.917283
SK_dv_H2_up_ub	0.917283
SK_dv_AcCoA__Cit_dv_Internal_Species_lb	0.917339
SK_dv_AcCoA__Cit_dv_Internal_Species_ub	0.917227
SK_dv_Pyr__AcCoA_dv_Internal_Species_ub	0.917283
SK_dv_Lac__Pyr2_dv_Internal_Species_ub	0.917283
SK_dv_Ac_up_ub	0.917283
SK_dv_H2_ex_ub	0.826923
SK_dv_Eth_ex_ub	0.917283
SK_dv_Pyr_up_ub	0.917283
SK_dv_AcCoA__Adh_dv_Internal_Species_ub	0.917283
SK_dv__0Pyr__AcCoA_dv_Internal_Species_lb	0.916760
SK_dv__0Pyr__AcCoA_dv_Internal_Species_ub	0.917806
SK_dv_NADH__Fd_red_dv_Internal_Species_lb	0.963065
SK_dv_NADH__Fd_red_dv_Internal_Species_ub	0.871501
SK_dv_RSH2__H2_dv_Internal_Species_lb	0.940174
SK_dv_RSH2__H2_dv_Internal_Species_ub	0.894392
SK_dv_Succ_ex_dv_Internal_Species_ub	0.917283
SK_dv_Fdred__H2_dv_Internal_Species_lb	0.984752
SK_dv_Fdred__H2_dv_Internal_Species_ub	0.849814
SK_dv_Fdred__Form_dv_Internal_Species_ub	0.915853
SK_dv_BM_Synth_dv_Internal_Species_ub	0.917235
SK_dv_r_BMDV2BMc_ub	0.917235
SK_dv_Prot_Synth_dv_Internal_Species_ub	0.917253
SK_dv_RNA_Synth_dv_Internal_Species_ub	0.917274
SK_dv_DNA_Synth_dv_Internal_Species_ub	0.917282
SK_dv_Lip_Synth_dv_Internal_Species_lb	0.917288
SK_dv_Lip_Synth_dv_Internal_Species_ub	0.917278
SK_dv_LPS_Synth_dv_Internal_Species_ub	0.917282
SK_dv_PepGly_Synth_dv_Internal_Species_ub	0.917282
SK_dv_Glyc_Synth_dv_Internal_Species_ub	0.917282
SK_dv_PolyPhos_Synth_dv_Internal_Species_ub	0.917283
SK_dv_CO2_up_ub	0.915334
SK_dv_to_community_biomass_ub	0.917235
mb_TP_H2_TP_mb_External_Species	0.000000
mb_TP_CO2_TP_mb_External_Species	3.780721
mb_TP_CH4_TP_mb_External_Species	3.696880
mb_TP_Ac_TP_mb_External_Species	-4.580928
mb_TP_MetOH_TP_mb_External_Species	0.000000
mb_TP_BM_tot_mb_External_Species	0.000000
mb_Ala_Synth_mb_Internal_Species	0.022235
mb_Arg_Synth_mb_Internal_Species	0.012098
mb_Asn_Synth_mb_Internal_Species	0.009859
mb_Asp_synth_mb_Internal_Species	0.121565
mb_Cys_Synth_mb_Internal_Species	0.010031
mb_Gln_Synth_mb_Internal_Species	0.059153
mb_Glu_synth_mb_Internal_Species	0.344098
mb_Gly_Synth_mb_Internal_Species	0.039138
mb_His_Synth_mb_Internal_Species	0.003875
mb_Ile_Synth_mb_Internal_Species	0.011883
mb_Leu_Synth_mb_Internal_Species	0.018427
mb_Lys_Synth_mb_Internal_Species	0.014035
mb_Met_Synth_mb_Internal_Species	0.006286
mb_Phe_Synth_mb_Internal_Species	0.007577
mb_Pro_Synth_mb_Internal_Species	0.009041
mb_Ser_Synth_mb_Internal_Species	0.065565
mb_Thr_Synth_mb_Internal_Species	0.022258
mb_Trp_Synth_mb_Internal_Species	0.002325
mb_Tyr_Synth_mb_Internal_Species	0.005640
mb_Val_Synth_mb_Internal_Species	0.017307
mb_rATP_Synth_mb_Internal_Species	0.006394
mb_rGTP_Synth_mb_Internal_Species	0.007687
mb_rCTP_Synth_mb_Internal_Species	0.005115
mb_rUTP_Synth_mb_Internal_Species	0.010540
mb_dATP_Synth_mb_Internal_Species	0.000884
mb_dGTP_Synth_mb_Internal_Species	0.000909
mb_dCTP_Synth_mb_Internal_Species	0.000909
mb_dTTP_Synth_mb_Internal_Species	0.000884
mb__3PG__2PG__3PG_mb_Internal_Species	0.158283
mb__5CHOMPT__CHH4MPT_mb_Internal_Species	-0.278023
mb_AcCoA__aCH3_Co_III_Fe_S_mb_Internal_Species	3.974904
mb_AcCoA__Cit_mb_Internal_Species	0.043278
mb_AcCoA__Pyr_mb_Internal_Species	0.451288
mb_aCH3_Co_III_Fe_S__CH3_H4_MPT_mb_Internal_Species	3.974904
mb_Ac__Ac_P_mb_Internal_Species	4.603058
mb_Ac_P__AcCoA_mb_Internal_Species	4.603058
mb_ADPGlc_Synth_mb_Internal_Species	0.003419
mb_ATPSynth_mb_Internal_Species	-0.191487
mb_ATPSynth_M_mb_Internal_Species	8.526498
mb_avg_FS_Synth_mb_Internal_Species	0.010490
mb_C14_0_FS_Synth_mb_Internal_Species	0.000384
mb_CDPEth_Synth_mb_Internal_Species	0.000384
mb_CH2H4MPT__CH3H4MPT_mb_Internal_Species	-0.278023
mb_CH3_H4_MPT__MeCoM_mb_Internal_Species	3.696880
mb_CHH4MPT__CH2H4MPT_mb_Internal_Species	-0.278023
mb_CHOMFR__5CHOMPT_mb_Internal_Species	-0.278023
mb_Chor_Synth_mb_Internal_Species	0.015542
mb_Cit__ICit_mb_Internal_Species	0.043278
mb_CMP_KDO_Synth_mb_Internal_Species	0.000384
mb_CO2__AcCoA_mb_Internal_Species	0.000000
mb_CO2__CHOMFR_mb_Internal_Species	-0.278023
mb_CO__CO2_mb_Internal_Species	3.974904
mb_DHAP__Glyc3P_mb_Internal_Species	0.005245
mb_di_am_pim_Synth_mb_Internal_Species	0.014648
mb_DNA_Synth_mb_Internal_Species	0.001110
mb_DPG__3PG__DPG_mb_Internal_Species	0.092334
mb_F16P__F6P_mb_Internal_Species	0.036936
mb_F6P__G6P_mb_Internal_Species	0.035455
mb_F6P__Hu5P_mb_Internal_Species	0.000000
mb_Forma__CO2_mb_Internal_Species	0.000000
mb_G3P__DHAP_mb_Internal_Species	0.042181
mb_G3P__DPG_G3P_mb_Internal_Species	0.092334
mb_G6P__PGlac_mb_Internal_Species	0.031204
mb_Glyc_Synth_mb_Internal_Species	0.000555
mb_Hu5P__Rl5P_mb_Internal_Species	0.000000
mb_ICit__alKG_mb_Internal_Species	0.043278
mb_Lip_Synth_mb_Internal_Species	0.003700
mb_LPS_Synth_mb_Internal_Species	0.000555
mb_MeCoM__Meth_mb_Internal_Species	3.696880
mb_MTHF_Synth_mb_Internal_Species	-0.003806
mb_NADHDehydro_mb_Internal_Species	-0.104759
mb_Naout__Hout_mb_Internal_Species	7.393761
mb_NDPHep_Synth_mb_Internal_Species	0.000384
mb_OH_myr_ac_Synth_mb_Internal_Species	0.000384
mb_PepGly_Synth_mb_Internal_Species	0.000555
mb_MeOH__MeCoM_mb_Internal_Species	0.000000
mb_PEP__2PG_mb_Internal_Species	0.158283
mb_PEP__OxA_mb_Internal_Species	0.164843
mb_PGlac__PGluc_mb_Internal_Species	0.031204
mb_PGluc__Rl5P_mb_Internal_Species	0.031204
mb_Polyphos_Synth_mb_Internal_Species	0.000000
mb_Prot_Synth_mb_Internal_Species	0.023679
mb_PRPP_Synth_mb_Internal_Species	0.030821
mb_Pyr__PEP_mb_Internal_Species	0.339665
mb_Rl5P__R5P_mb_Internal_Species	0.031204
mb_RNA_Synth_mb_Internal_Species	0.006845
mb_T3P__F16P_mb_Internal_Species	0.052478
mb_TDPGlcs_Synth_mb_Internal_Species	0.000256
mb_TransHydro_mb_Internal_Species	0.574460
mb_UDPGlc_Synth_mb_Internal_Species	0.000256
mb_UDP_NAG_Synth_mb_Internal_Species	0.001225
mb_UDP_NAM_Synth_mb_Internal_Species	0.000613
mb_ATPmaint_mb_Internal_Species	1.778778
mb_BM_Synth_mb_Internal_Species	0.036999
mb_CO2_up	0.000000
mb_MeOH_up	0.000000
mb_Ac_up	4.580928
mb_CO2_ex	3.780721
mb_H2_up	0.000000
mb_CH4_ex	3.696880
mb_N_up_mb_Internal_Species	0.418219
mb_S_up_mb_Internal_Species	0.010031
EX_CH4_EX_exchg	5.768335
EX_MetOH_EX_exchg	0.000000
EX_BM_tot_exchg	-0.000000
mb_to_community_biomass	0.036999
mb_fraction_reaction	0.711511
SK_mb_TP_H2_TP_mb_External_Species_lb	7.115112
SK_mb_TP_H2_TP_mb_External_Species_ub	7.115112
SK_mb_TP_CO2_TP_mb_External_Species_lb	7.152919
SK_mb_TP_CO2_TP_mb_External_Species_ub	7.077305
SK_mb_TP_CH4_TP_mb_External_Species_lb	7.152081
SK_mb_TP_CH4_TP_mb_External_Species_ub	7.078143
SK_mb_TP_Ac_TP_mb_External_Species_lb	7.069303
SK_mb_TP_Ac_TP_mb_External_Species_ub	7.160921
SK_mb_TP_MetOH_TP_mb_External_Species_lb	7.115112
SK_mb_TP_MetOH_TP_mb_External_Species_ub	7.115112
SK_mb_TP_BM_tot_mb_External_Species_lb	7.115112
SK_mb_TP_BM_tot_mb_External_Species_ub	7.115112
SK_mb_Ala_Synth_mb_Internal_Species_ub	7.114890
SK_mb_Arg_Synth_mb_Internal_Species_ub	7.114991
SK_mb_Asn_Synth_mb_Internal_Species_ub	7.115014
SK_mb_Asp_synth_mb_Internal_Species_ub	7.113896
SK_mb_Cys_Synth_mb_Internal_Species_ub	7.115012
SK_mb_Gln_Synth_mb_Internal_Species_ub	7.114521
SK_mb_Glu_synth_mb_Internal_Species_ub	7.111671
SK_mb_Gly_Synth_mb_Internal_Species_ub	7.114721
SK_mb_His_Synth_mb_Internal_Species_ub	7.115073
SK_mb_Ile_Synth_mb_Internal_Species_ub	7.114993
SK_mb_Leu_Synth_mb_Internal_Species_ub	7.114928
SK_mb_Lys_Synth_mb_Internal_Species_ub	7.114972
SK_mb_Met_Synth_mb_Internal_Species_ub	7.115049
SK_mb_Phe_Synth_mb_Internal_Species_ub	7.115036
SK_mb_Pro_Synth_mb_Internal_Species_ub	7.115022
SK_mb_Ser_Synth_mb_Internal_Species_ub	7.114456
SK_mb_Thr_Synth_mb_Internal_Species_ub	7.114890
SK_mb_Trp_Synth_mb_Internal_Species_ub	7.115089
SK_mb_Tyr_Synth_mb_Internal_Species_ub	7.115056
SK_mb_Val_Synth_mb_Internal_Species_ub	7.114939
SK_mb_rATP_Synth_mb_Internal_Species_ub	7.115048
SK_mb_rGTP_Synth_mb_Internal_Species_ub	7.115035
SK_mb_rCTP_Synth_mb_Internal_Species_ub	7.115061
SK_mb_rUTP_Synth_mb_Internal_Species_ub	7.115007
SK_mb_dATP_Synth_mb_Internal_Species_ub	7.115103
SK_mb_dGTP_Synth_mb_Internal_Species_ub	7.115103
SK_mb_dCTP_Synth_mb_Internal_Species_ub	7.115103
SK_mb_dTTP_Synth_mb_Internal_Species_ub	7.115103
SK_mb__3PG__2PG__3PG_mb_Internal_Species_lb	7.116695
SK_mb__3PG__2PG__3PG_mb_Internal_Species_ub	7.113529
SK_mb__5CHOMPT__CHH4MPT_mb_Internal_Species_lb	7.112332
SK_mb__5CHOMPT__CHH4MPT_mb_Internal_Species_ub	7.117892
SK_mb_AcCoA__aCH3_Co_III_Fe_S_mb_Internal_Species_lb	7.154861
SK_mb_AcCoA__aCH3_Co_III_Fe_S_mb_Internal_Species_ub	7.075363
SK_mb_AcCoA__Cit_mb_Internal_Species_ub	7.114679
SK_mb_AcCoA__Pyr_mb_Internal_Species_ub	7.110599
SK_mb_aCH3_Co_III_Fe_S__CH3_H4_MPT_mb_Internal_Species_ub	7.075363
SK_mb_Ac__Ac_P_mb_Internal_Species_lb	7.161143
SK_mb_Ac__Ac_P_mb_Internal_Species_ub	7.069082
SK_mb_Ac_P__AcCoA_mb_Internal_Species_lb	7.161143
SK_mb_Ac_P__AcCoA_mb_Internal_Species_ub	7.069082
SK_mb_ADPGlc_Synth_mb_Internal_Species_ub	7.115078
SK_mb_ATPSynth_mb_Internal_Species_lb	7.113197
SK_mb_ATPSynth_mb_Internal_Species_ub	7.117027
SK_mb_ATPSynth_M_mb_Internal_Species_ub	7.029847
SK_mb_avg_FS_Synth_mb_Internal_Species_ub	7.115007
SK_mb_C14_0_FS_Synth_mb_Internal_Species_ub	7.115108
SK_mb_CDPEth_Synth_mb_Internal_Species_ub	7.115108
SK_mb_CH2H4MPT__CH3H4MPT_mb_Internal_Species_lb	7.112332
SK_mb_CH2H4MPT__CH3H4MPT_mb_Internal_Species_ub	7.117892
SK_mb_CH3_H4_MPT__MeCoM_mb_Internal_Species_lb	7.152081
SK_mb_CH3_H4_MPT__MeCoM_mb_Internal_Species_ub	7.078143
SK_mb_CHH4MPT__CH2H4MPT_mb_Internal_Species_lb	7.112332
SK_mb_CHH4MPT__CH2H4MPT_mb_Internal_Species_ub	7.117892
SK_mb_CHOMFR__5CHOMPT_mb_Internal_Species_lb	7.112332
SK_mb_CHOMFR__5CHOMPT_mb_Internal_Species_ub	7.117892
SK_mb_Chor_Synth_mb_Internal_Species_ub	7.114957
SK_mb_Cit__ICit_mb_Internal_Species_lb	7.115545
SK_mb_Cit__ICit_mb_Internal_Species_ub	7.114679
SK_mb_CMP_KDO_Synth_mb_Internal_Species_ub	7.115108
SK_mb_CO2__AcCoA_mb_Internal_Species_ub	7.115112
SK_mb_CO2__CHOMFR_mb_Internal_Species_lb	7.112332
SK_mb_CO2__CHOMFR_mb_Internal_Species_ub	7.117892
SK_mb_CO__CO2_mb_Internal_Species_lb	7.154861
SK_mb_CO__CO2_mb_Internal_Species_ub	7.075363
SK_mb_DHAP__Glyc3P_mb_Internal_Species_lb	7.115165
SK_mb_DHAP__Glyc3P_mb_Internal_Species_ub	7.115060
SK_mb_di_am_pim_Synth_mb_Internal_Species_ub	7.114966
SK_mb_DNA_Synth_mb_Internal_Species_ub	7.115101
SK_mb_DPG__3PG__DPG_mb_Internal_Species_lb	7.116035
SK_mb_DPG__3PG__DPG_mb_Internal_Species_ub	7.114189
SK_mb_F16P__F6P_mb_Internal_Species_ub	7.114743
SK_mb_F6P__G6P_mb_Internal_Species_lb	7.115467
SK_mb_F6P__G6P_mb_Internal_Species_ub	7.114758
SK_mb_F6P__Hu5P_mb_Internal_Species_lb	7.115112
SK_mb_F6P__Hu5P_mb_Internal_Species_ub	7.115112
SK_mb_Forma__CO2_mb_Internal_Species_ub	7.115112
SK_mb_G3P__DHAP_mb_Internal_Species_lb	7.115534
SK_mb_G3P__DHAP_mb_Internal_Species_ub	7.114690
SK_mb_G3P__DPG_G3P_mb_Internal_Species_lb	7.116035
SK_mb_G3P__DPG_G3P_mb_Internal_Species_ub	7.114189
SK_mb_G6P__PGlac_mb_Internal_Species_lb	7.115424
SK_mb_G6P__PGlac_mb_Internal_Species_ub	7.114800
SK_mb_Glyc_Synth_mb_Internal_Species_ub	7.115107
SK_mb_Hu5P__Rl5P_mb_Internal_Species_lb	7.115112
SK_mb_Hu5P__Rl5P_mb_Internal_Species_ub	7.115112
SK_mb_ICit__alKG_mb_Internal_Species_lb	7.115545
SK_mb_ICit__alKG_mb_Internal_Species_ub	7.114679
SK_mb_Lip_Synth_mb_Internal_Species_ub	7.115075
SK_mb_LPS_Synth_mb_Internal_Species_ub	7.115107
SK_mb_MeCoM__Meth_mb_Internal_Species_lb	7.152081
SK_mb_MeCoM__Meth_mb_Internal_Species_ub	7.078143
SK_mb_MTHF_Synth_mb_Internal_Species_lb	7.115074
SK_mb_MTHF_Synth_mb_Internal_Species_ub	7.115150
SK_mb_NADHDehydro_mb_Internal_Species_lb	7.114065
SK_mb_NADHDehydro_mb_Internal_Species_ub	7.116160
SK_mb_Naout__Hout_mb_Internal_Species_lb	7.189050
SK_mb_Naout__Hout_mb_Internal_Species_ub	7.041175
SK_mb_NDPHep_Synth_mb_Internal_Species_ub	7.115108
SK_mb_OH_myr_ac_Synth_mb_Internal_Species_ub	7.115108
SK_mb_PepGly_Synth_mb_Internal_Species_ub	7.115107
SK_mb_MeOH__MeCoM_mb_Internal_Species_ub	7.115112
SK_mb_PEP__2PG_mb_Internal_Species_lb	7.116695
SK_mb_PEP__2PG_mb_Internal_Species_ub	7.113529
SK_mb_PEP__OxA_mb_Internal_Species_ub	7.113464
SK_mb_PGlac__PGluc_mb_Internal_Species_ub	7.114800
SK_mb_PGluc__Rl5P_mb_Internal_Species_ub	7.114800
SK_mb_Polyphos_Synth_mb_Internal_Species_ub	7.115112
SK_mb_Prot_Synth_mb_Internal_Species_ub	7.114875
SK_mb_PRPP_Synth_mb_Internal_Species_ub	7.114804
SK_mb_Pyr__PEP_mb_Internal_Species_ub	7.111715
SK_mb_Rl5P__R5P_mb_Internal_Species_lb	7.115424
SK_mb_Rl5P__R5P_mb_Internal_Species_ub	7.114800
SK_mb_RNA_Synth_mb_Internal_Species_ub	7.115044
SK_mb_T3P__F16P_mb_Internal_Species_lb	7.115637
SK_mb_T3P__F16P_mb_Internal_Species_ub	7.114587
SK_mb_TDPGlcs_Synth_mb_Internal_Species_ub	7.115110
SK_mb_TransHydro_mb_Internal_Species_lb	7.120857
SK_mb_TransHydro_mb_Internal_Species_ub	7.109368
SK_mb_UDPGlc_Synth_mb_Internal_Species_ub	7.115110
SK_mb_UDP_NAG_Synth_mb_Internal_Species_ub	7.115100
SK_mb_UDP_NAM_Synth_mb_Internal_Species_ub	7.115106
SK_mb_ATPmaint_mb_Internal_Species_lb	0.000000
SK_mb_ATPmaint_mb_Internal_Species_ub	7.097324
SK_mb_BM_Synth_mb_Internal_Species_ub	7.114742
SK_mb_CO2_up_ub	7.115112
SK_mb_MeOH_up_ub	7.115112
SK_mb_Ac_up_ub	7.069303
SK_mb_CO2_ex_ub	7.077305
SK_mb_H2_up_ub	7.115112
SK_mb_CH4_ex_ub	0.069758
SK_mb_N_up_mb_Internal_Species_ub	7.110930
SK_mb_S_up_mb_Internal_Species_lb	7.115212
SK_mb_S_up_mb_Internal_Species_ub	7.115012
SK_mb_to_community_biomass_ub	7.114742
mh_TP_H2_TP_mh_External_Species	-9.035993
mh_TP_CO2_TP_mh_External_Species	-2.349639
mh_TP_CH4_TP_mh_External_Species	2.071454
mh_TP_Form_TP_mh_External_Species	-0.143044
mh_TP_BM_tot_mh_External_Species	0.000000
mh_Ala_Synth_mh_Internal_Species	0.006149
mh_Arg_Synth_mh_Internal_Species	0.003346
mh_Asn_Synth_mh_Internal_Species	0.002726
mh_Asp_synth_mh_Internal_Species	0.029319
mh_Cys_Synth_mh_Internal_Species	0.002774
mh_Gln_Synth_mh_Internal_Species	0.016358
mh_Glu_synth_mh_Internal_Species	0.090858
mh_Gly_Synth_mh_Internal_Species	0.010823
mh_His_Synth_mh_Internal_Species	0.001072
mh_Ile_Synth_mh_Internal_Species	0.003286
mh_Leu_Synth_mh_Internal_Species	0.005096
mh_Lys_Synth_mh_Internal_Species	0.003881
mh_Met_Synth_mh_Internal_Species	0.001738
mh_Phe_Synth_mh_Internal_Species	0.002095
mh_Pro_Synth_mh_Internal_Species	0.002500
mh_Ser_Synth_mh_Internal_Species	0.018131
mh_Thr_Synth_mh_Internal_Species	0.006155
mh_Trp_Synth_mh_Internal_Species	0.000643
mh_Tyr_Synth_mh_Internal_Species	0.001560
mh_Val_Synth_mh_Internal_Species	0.004786
mh_rATP_Synth_mh_Internal_Species	0.001768
mh_rGTP_Synth_mh_Internal_Species	0.002126
mh_rCTP_Synth_mh_Internal_Species	0.001414
mh_rUTP_Synth_mh_Internal_Species	0.002915
mh_dATP_Synth_mh_Internal_Species	0.000245
mh_dGTP_Synth_mh_Internal_Species	0.000252
mh_dCTP_Synth_mh_Internal_Species	0.000252
mh_dTTP_Synth_mh_Internal_Species	0.000245
mh__2PG__3PG_mh_Internal_Species	0.042328
mh__3PG__DPG_mh_Internal_Species	0.024090
mh__5CHOMPT__CHH4MPT_mh_Internal_Species	2.071454
mh_AcCoA__Pyr_mh_Internal_Species	0.112221
mh_AcP__AcCoA_mh_Internal_Species	0.006120
mh_Ac__AcP_mh_Internal_Species	0.006120
mh_ADPGlc_Synth_mh_Internal_Species	0.000945
mh_ATPSynth_mh_Internal_Species	-0.118713
mh_ATPSynth_M_mh_Internal_Species	1.035727
mh_avg_FS_Synth_mh_Internal_Species	0.002901
mh_C14_0_FS_Synth_mh_Internal_Species	0.000106
mh_CDPEth_Synth_mh_Internal_Species	0.000106
mh_CH2H4MPT__CH3H4MPT_mh_Internal_Species	2.071454
mh_CH3H4MPT__MeCoM_mh_Internal_Species	2.071454
mh_CHH4MPT__CH2H4MPT_mh_Internal_Species	2.071454
mh_CHOMFR__5CHOMPT_mh_Internal_Species	2.071454
mh_Chor_Synth_mh_Internal_Species	0.004298
mh_CMP_KDO_Synth_mh_Internal_Species	0.000106
mh_CO2__CHOMFR_mh_Internal_Species	2.071454
mh_DHAP__Glyc3P_mh_Internal_Species	0.001450
mh_di_am_pim_Synth_mh_Internal_Species	0.004051
mh_DNA_Synth_mh_Internal_Species	0.000307
mh_DPG__G3P_mh_Internal_Species	0.024090
mh_F16P__F6P_mh_Internal_Species	0.008771
mh_F6P__G6P_mh_Internal_Species	0.001175
mh_Form__AcCoA_mh_Internal_Species	0.143044
mh_Form__CO2_mh_Internal_Species	0.000000
mh_Fum__Succ_mh_Internal_Species	0.011968
mh_G3P__DHAP_mh_Internal_Species	0.010221
mh_G3P__F16P_mh_Internal_Species	0.008771
mh_Glyco_Synth_mh_Internal_Species	0.000153
mh_Lip_Synth_mh_Internal_Species	0.001023
mh_LPS_Synth_mh_Internal_Species	0.000153
mh_Mal__Fum_mh_Internal_Species	0.000835
mh_MeCoM__Meth_mh_Internal_Species	2.071454
mh_MTHF_Synth_mh_Internal_Species	-0.001052
mh_NADHDehydro_mh_Internal_Species	0.011968
mh_NDPHep_Synth_mh_Internal_Species	0.000106
mh_OH_myr_ac_Synth_mh_Internal_Species	0.000106
mh_OxA__Mal_mh_Internal_Species	0.000835
mh_PepGly_Synth_mh_Internal_Species	0.000153
mh_PEP__2PG_mh_Internal_Species	0.042328
mh_PEP__OxA_mh_Internal_Species	0.030154
mh_Polyphos_Synth_mh_Internal_Species	0.000000
mh_Prot_Synth_mh_Internal_Species	0.006548
mh_PRPP_Synth_mh_Internal_Species	0.008523
mh_Pyr__PEP_mh_Internal_Species	0.081353
mh_Rl5P__R5P_mh_Internal_Species	0.007185
mh_Rl5P__X5P_mh_Internal_Species	-0.007185
mh_RNA_Synth_mh_Internal_Species	0.001893
mh_SuccCoA__alKG_mh_Internal_Species	0.011968
mh_Succ__Fum_mh_Internal_Species	0.000000
mh_Succ__SuccCoA_mh_Internal_Species	0.017757
mh_TDPGlcs_Synth_mh_Internal_Species	0.000071
mh_Transaldo_mh_Internal_Species	-0.001444
mh_TransHydro_mh_Internal_Species	0.380074
mh_Transket1_mh_Internal_Species	-0.001444
mh_Transket2_mh_Internal_Species	-0.005742
mh_UDPGlc_Synth_mh_Internal_Species	0.000071
mh_UDP_NAG_Synth_mh_Internal_Species	0.000339
mh_UDP_NAM_Synth_mh_Internal_Species	0.000169
mh_ATPmaint_mh_Internal_Species	0.177084
mh_BM_Synth_mh_Internal_Species	0.010232
mh_NADP_Hydrogenase_mh_Internal_Species	-0.046443
mh_CO2__Form_mh_Internal_Species	0.000000
mh_CO2_ex	0.000000
mh_CO2_up	2.349639
mh_Form_up	0.143044
mh_H2_ex	0.000000
mh_H2_up	9.035993
mh_CH4_ex	2.071454
mh_N_up_mh_Internal_Species	0.111356
mh_S_up_mh_Internal_Species	0.002774
mh_to_community_biomass	0.010232
mh_fraction_reaction	0.196760
SK_mh_TP_H2_TP_mh_External_Species_lb	1.877245
SK_mh_TP_H2_TP_mh_External_Species_ub	2.057965
SK_mh_TP_CO2_TP_mh_External_Species_lb	1.944108
SK_mh_TP_CO2_TP_mh_External_Species_ub	1.991101
SK_mh_TP_CH4_TP_mh_External_Species_lb	1.988319
SK_mh_TP_CH4_TP_mh_External_Species_ub	1.946890
SK_mh_TP_Form_TP_mh_External_Species_lb	1.966174
SK_mh_TP_Form_TP_mh_External_Species_ub	1.969035
SK_mh_TP_BM_tot_mh_External_Species_lb	1.967605
SK_mh_TP_BM_tot_mh_External_Species_ub	1.967605
SK_mh_Ala_Synth_mh_Internal_Species_ub	1.967543
SK_mh_Arg_Synth_mh_Internal_Species_ub	1.967571
SK_mh_Asn_Synth_mh_Internal_Species_ub	1.967578
SK_mh_Asp_synth_mh_Internal_Species_ub	1.967312
SK_mh_Cys_Synth_mh_Internal_Species_ub	1.967577
SK_mh_Gln_Synth_mh_Internal_Species_ub	1.967441
SK_mh_Glu_synth_mh_Internal_Species_ub	1.966696
SK_mh_Gly_Synth_mh_Internal_Species_ub	1.967497
SK_mh_His_Synth_mh_Internal_Species_ub	1.967594
SK_mh_Ile_Synth_mh_Internal_Species_ub	1.967572
SK_mh_Leu_Synth_mh_Internal_Species_ub	1.967554
SK_mh_Lys_Synth_mh_Internal_Species_ub	1.967566
SK_mh_Met_Synth_mh_Internal_Species_ub	1.967587
SK_mh_Phe_Synth_mh_Internal_Species_ub	1.967584
SK_mh_Pro_Synth_mh_Internal_Species_ub	1.967580
SK_mh_Ser_Synth_mh_Internal_Species_ub	1.967423
SK_mh_Thr_Synth_mh_Internal_Species_ub	1.967543
SK_mh_Trp_Synth_mh_Internal_Species_ub	1.967598
SK_mh_Tyr_Synth_mh_Internal_Species_ub	1.967589
SK_mh_Val_Synth_mh_Internal_Species_ub	1.967557
SK_mh_rATP_Synth_mh_Internal_Species_ub	1.967587
SK_mh_rGTP_Synth_mh_Internal_Species_ub	1.967584
SK_mh_rCTP_Synth_mh_Internal_Species_ub	1.967591
SK_mh_rUTP_Synth_mh_Internal_Species_ub	1.967576
SK_mh_dATP_Synth_mh_Internal_Species_ub	1.967602
SK_mh_dGTP_Synth_mh_Internal_Species_ub	1.967602
SK_mh_dCTP_Synth_mh_Internal_Species_ub	1.967602
SK_mh_dTTP_Synth_mh_Internal_Species_ub	1.967602
SK_mh__2PG__3PG_mh_Internal_Species_lb	1.968028
SK_mh__2PG__3PG_mh_Internal_Species_ub	1.967182
SK_mh__3PG__DPG_mh_Internal_Species_lb	1.967846
SK_mh__3PG__DPG_mh_Internal_Species_ub	1.967364
SK_mh__5CHOMPT__CHH4MPT_mh_Internal_Species_lb	1.988319
SK_mh__5CHOMPT__CHH4MPT_mh_Internal_Species_ub	1.946890
SK_mh_AcCoA__Pyr_mh_Internal_Species_lb	1.968727
SK_mh_AcCoA__Pyr_mh_Internal_Species_ub	1.966483
SK_mh_AcP__AcCoA_mh_Internal_Species_lb	1.967666
SK_mh_AcP__AcCoA_mh_Internal_Species_ub	1.967544
SK_mh_Ac__AcP_mh_Internal_Species_lb	1.967666
SK_mh_Ac__AcP_mh_Internal_Species_ub	1.967544
SK_mh_ADPGlc_Synth_mh_Internal_Species_ub	1.967595
SK_mh_ATPSynth_mh_Internal_Species_lb	1.966418
SK_mh_ATPSynth_mh_Internal_Species_ub	1.968792
SK_mh_ATPSynth_M_mh_Internal_Species_ub	1.957248
SK_mh_avg_FS_Synth_mh_Internal_Species_ub	1.967576
SK_mh_C14_0_FS_Synth_mh_Internal_Species_ub	1.967604
SK_mh_CDPEth_Synth_mh_Internal_Species_ub	1.967604
SK_mh_CH2H4MPT__CH3H4MPT_mh_Internal_Species_lb	1.988319
SK_mh_CH2H4MPT__CH3H4MPT_mh_Internal_Species_ub	1.946890
SK_mh_CH3H4MPT__MeCoM_mh_Internal_Species_lb	1.988319
SK_mh_CH3H4MPT__MeCoM_mh_Internal_Species_ub	1.946890
SK_mh_CHH4MPT__CH2H4MPT_mh_Internal_Species_lb	1.988319
SK_mh_CHH4MPT__CH2H4MPT_mh_Internal_Species_ub	1.946890
SK_mh_CHOMFR__5CHOMPT_mh_Internal_Species_lb	1.988319
SK_mh_CHOMFR__5CHOMPT_mh_Internal_Species_ub	1.946890
SK_mh_Chor_Synth_mh_Internal_Species_ub	1.967562
SK_mh_CMP_KDO_Synth_mh_Internal_Species_ub	1.967604
SK_mh_CO2__CHOMFR_mh_Internal_Species_lb	1.988319
SK_mh_CO2__CHOMFR_mh_Internal_Species_ub	1.946890
SK_mh_DHAP__Glyc3P_mh_Internal_Species_lb	1.967619
SK_mh_DHAP__Glyc3P_mh_Internal_Species_ub	1.967590
SK_mh_di_am_pim_Synth_mh_Internal_Species_ub	1.967564
SK_mh_DNA_Synth_mh_Internal_Species_ub	1.967602
SK_mh_DPG__G3P_mh_Internal_Species_lb	1.967846
SK_mh_DPG__G3P_mh_Internal_Species_ub	1.967364
SK_mh_F16P__F6P_mh_Internal_Species_ub	1.967517
SK_mh_F6P__G6P_mh_Internal_Species_lb	1.967617
SK_mh_F6P__G6P_mh_Internal_Species_ub	1.967593
SK_mh_Form__AcCoA_mh_Internal_Species_ub	1.966174
SK_mh_Form__CO2_mh_Internal_Species_lb	1.967605
SK_mh_Form__CO2_mh_Internal_Species_ub	1.967605
SK_mh_Fum__Succ_mh_Internal_Species_ub	1.967485
SK_mh_G3P__DHAP_mh_Internal_Species_lb	1.967707
SK_mh_G3P__DHAP_mh_Internal_Species_ub	1.967503
SK_mh_G3P__F16P_mh_Internal_Species_lb	1.967692
SK_mh_G3P__F16P_mh_Internal_Species_ub	1.967517
SK_mh_Glyco_Synth_mh_Internal_Species_ub	1.967603
SK_mh_Lip_Synth_mh_Internal_Species_ub	1.967595
SK_mh_LPS_Synth_mh_Internal_Species_ub	1.967603
SK_mh_Mal__Fum_mh_Internal_Species_lb	1.967613
SK_mh_Mal__Fum_mh_Internal_Species_ub	1.967596
SK_mh_MeCoM__Meth_mh_Internal_Species_lb	1.988319
SK_mh_MeCoM__Meth_mh_Internal_Species_ub	1.946890
SK_mh_MTHF_Synth_mh_Internal_Species_lb	1.967594
SK_mh_MTHF_Synth_mh_Internal_Species_ub	1.967615
SK_mh_NADHDehydro_mh_Internal_Species_lb	1.967724
SK_mh_NADHDehydro_mh_Internal_Species_ub	1.967485
SK_mh_NDPHep_Synth_mh_Internal_Species_ub	1.967604
SK_mh_OH_myr_ac_Synth_mh_Internal_Species_ub	1.967604
SK_mh_OxA__Mal_mh_Internal_Species_lb	1.967613
SK_mh_OxA__Mal_mh_Internal_Species_ub	1.967596
SK_mh_PepGly_Synth_mh_Internal_Species_ub	1.967603
SK_mh_PEP__2PG_mh_Internal_Species_lb	1.968028
SK_mh_PEP__2PG_mh_Internal_Species_ub	1.967182
SK_mh_PEP__OxA_mh_Internal_Species_ub	1.967303
SK_mh_Polyphos_Synth_mh_Internal_Species_ub	1.967605
SK_mh_Prot_Synth_mh_Internal_Species_ub	1.967539
SK_mh_PRPP_Synth_mh_Internal_Species_ub	1.967520
SK_mh_Pyr__PEP_mh_Internal_Species_ub	1.966791
SK_mh_Rl5P__R5P_mh_Internal_Species_lb	1.967677
SK_mh_Rl5P__R5P_mh_Internal_Species_ub	1.967533
SK_mh_Rl5P__X5P_mh_Internal_Species_lb	1.967533
SK_mh_Rl5P__X5P_mh_Internal_Species_ub	1.967677
SK_mh_RNA_Synth_mh_Internal_Species_ub	1.967586
SK_mh_SuccCoA__alKG_mh_Internal_Species_ub	1.967485
SK_mh_Succ__Fum_mh_Internal_Species_ub	1.967605
SK_mh_Succ__SuccCoA_mh_Internal_Species_lb	1.967782
SK_mh_Succ__SuccCoA_mh_Internal_Species_ub	1.967427
SK_mh_TDPGlcs_Synth_mh_Internal_Species_ub	1.967604
SK_mh_Transaldo_mh_Internal_Species_lb	1.967590
SK_mh_Transaldo_mh_Internal_Species_ub	1.967619
SK_mh_TransHydro_mh_Internal_Species_lb	1.971406
SK_mh_TransHydro_mh_Internal_Species_ub	1.963804
SK_mh_Transket1_mh_Internal_Species_lb	1.967590
SK_mh_Transket1_mh_Internal_Species_ub	1.967619
SK_mh_Transket2_mh_Internal_Species_lb	1.967547
SK_mh_Transket2_mh_Internal_Species_ub	1.967662
SK_mh_UDPGlc_Synth_mh_Internal_Species_ub	1.967604
SK_mh_UDP_NAG_Synth_mh_Internal_Species_ub	1.967601
SK_mh_UDP_NAM_Synth_mh_Internal_Species_ub	1.967603
SK_mh_ATPmaint_mh_Internal_Species_lb	0.000000
SK_mh_ATPmaint_mh_Internal_Species_ub	1.965834
SK_mh_BM_Synth_mh_Internal_Species_ub	1.967502
SK_mh_NADP_Hydrogenase_mh_Internal_Species_lb	1.967140
SK_mh_NADP_Hydrogenase_mh_Internal_Species_ub	1.968069
SK_mh_CO2__Form_mh_Internal_Species_ub	1.967605
SK_mh_CO2_ex_ub	1.967605
SK_mh_CO2_up_ub	1.944108
SK_mh_Form_up_ub	1.966174
SK_mh_H2_ex_ub	1.967605
SK_mh_H2_up_ub	1.877245
SK_mh_CH4_ex_ub	0.008800
SK_mh_N_up_mh_Internal_Species_ub	1.966491
SK_mh_S_up_mh_Internal_Species_ub	1.967577
SK_mh_to_community_biomass_ub	1.967502
f_final	1.000000
abundance_reaction	0.000000
community_biomass	0.052000
